event_id,event_datetime,event_parish,event_lat,event_lon,station_parish,station_network,station_name,station_slug,station_lat,station_lon,distance_mi,records,coverage_pct,event_total_in,peak_rain_rate_inhr,qc_negative_resets,qc_big_1min_increments,max_5min_in,max_15min_in,max_30min_in,max_60min_in,max_180min_in
1260568,2025-05-09 14:50:00,ORLEANS,29.93,-90.07,Orleans,orleans,Port NOLA Administration (Warehouse District/Riverwalk),portnolaadmin,29.9369,-90.06206,0.673,439,104.3,0.32,2.4,0,0,0.07,0.12,0.14,0.2,0.32
1260568,2025-05-09 14:50:00,ORLEANS,29.93,-90.07,Orleans,orleans,Harbor Police Headquarters (Irish Channel),portnolapd,29.92069,-90.076342,0.747,420,99.8,0.0,0.0,0,0,0.0,0.0,0.0,0.0,0.0
1260568,2025-05-09 14:50:00,ORLEANS,29.93,-90.07,Orleans,orleans,NOFD Engine 16 (Central City),centralcity,29.94159,-90.08053,1.019,420,99.8,0.72,2.2,0,0,0.11,0.19,0.25,0.42,0.72
1260568,2025-05-09 14:50:00,ORLEANS,29.93,-90.07,Orleans,orleans,New Orleans City Hall (Central Business District),cityhallcbd,29.95221,-90.07675,1.587,419,99.5,0.6,0.77,0,0,0.06,0.14,0.22,0.38,0.59
1260568,2025-05-09 14:50:00,ORLEANS,29.93,-90.07,Orleans,orleans,NOFD Rescue Squad 7 (Treme),treme,29.962679,-90.071544,2.26,0,,,,0,0,,,,,
1260568,2025-05-09 14:50:00,ORLEANS,29.93,-90.07,Orleans,orleans,NORDC Morris F.X. Jeff Sr. Park (Algiers),algiers,29.942018,-90.029914,2.54,429,101.9,0.72,2.36,0,0,0.1,0.23,0.34,0.5,0.71
1260568,2025-05-09 14:50:00,ORLEANS,29.93,-90.07,Orleans,orleans,Regional Transit Authority (Mid City),midcity,29.9672,-90.08893,2.809,0,,,,0,0,,,,,
1260568,2025-05-09 14:50:00,ORLEANS,29.93,-90.07,Orleans,orleans,Port NOLA Maintenance (Uptown/West Riverside),portnolamaintenance,29.91497,-90.11513,2.895,422,100.2,1.11,3.41,0,0,0.15,0.38,0.44,0.66,1.11
1260568,2025-05-09 14:50:00,ORLEANS,29.93,-90.07,Orleans,orleans,Loyola University New Orleans (Uptown/Audubon),loyola,29.93707,-90.119921,3.029,425,101.0,0.61,1.73,0,0,0.1,0.2,0.25,0.4,0.6
1260568,2025-05-09 14:50:00,ORLEANS,29.93,-90.07,Orleans,orleans,NOFD Engine 27 (Seventh Ward/St. Roch),seventhward,29.9796,-90.0585,3.495,420,99.8,0.68,1.62,0,0,0.11,0.2,0.33,0.5,0.67
1260568,2025-05-09 14:50:00,ORLEANS,29.93,-90.07,Orleans,orleans,Fairgrounds Race Course (Fairgrounds),fairgrounds,29.982384,-90.079372,3.663,422,100.2,0.5,1.33,0,0,0.08,0.15,0.23,0.37,0.5
1260568,2025-05-09 14:50:00,ORLEANS,29.93,-90.07,Orleans,orleans,NORDC Norman Playground (Old Aurora),oldaurora,29.919922,-89.998203,4.355,447,106.2,1.14,9.44,0,0,0.43,0.56,0.64,0.78,1.13
1260568,2025-05-09 14:50:00,ORLEANS,29.93,-90.07,Orleans,orleans,SWBNO East Bank Water Intake (Carrollton Bend),carrolltonbend,29.95334,-90.13797,4.377,420,99.8,0.79,2.11,0,0,0.15,0.26,0.33,0.5,0.78
1260568,2025-05-09 14:50:00,ORLEANS,29.93,-90.07,Orleans,orleans,NOFD Logistics (Navarre),logistics,29.98614,-90.10934,4.538,435,103.3,0.46,0.51,0,0,0.04,0.09,0.17,0.31,0.45
1260570,2025-05-09 15:00:00,ORLEANS,29.9538,-90.1363,Orleans,orleans,SWBNO East Bank Water Intake (Carrollton Bend),carrolltonbend,29.95334,-90.13797,0.105,420,99.8,0.91,2.11,0,0,0.15,0.26,0.33,0.53,0.9
1260570,2025-05-09 15:00:00,ORLEANS,29.9538,-90.1363,Orleans,orleans,Loyola University New Orleans (Uptown/Audubon),loyola,29.93707,-90.119921,1.516,425,101.0,0.81,2.18,0,0,0.12,0.25,0.37,0.42,0.8
1260570,2025-05-09 15:00:00,ORLEANS,29.9538,-90.1363,Orleans,orleans,NOFD Logistics (Navarre),logistics,29.98614,-90.10934,2.756,436,103.6,0.53,0.51,0,0,0.05,0.09,0.17,0.31,0.52
1260570,2025-05-09 15:00:00,ORLEANS,29.9538,-90.1363,Orleans,orleans,Port NOLA Maintenance (Uptown/West Riverside),portnolamaintenance,29.91497,-90.11513,2.967,422,100.2,1.56,3.51,0,0,0.26,0.63,0.85,0.97,1.56
1260570,2025-05-09 15:00:00,ORLEANS,29.9538,-90.1363,Orleans,orleans,Regional Transit Authority (Mid City),midcity,29.9672,-90.08893,2.983,0,,,,0,0,,,,,
1260570,2025-05-09 15:00:00,ORLEANS,29.9538,-90.1363,Orleans,orleans,NOFD Engine 16 (Central City),centralcity,29.94159,-90.08053,3.444,420,99.8,1.27,6.13,0,0,0.39,0.66,0.76,0.89,1.27
1260570,2025-05-09 15:00:00,ORLEANS,29.9538,-90.1363,Orleans,orleans,New Orleans City Hall (Central Business District),cityhallcbd,29.95221,-90.07675,3.567,420,99.8,0.98,5.01,0,0,0.25,0.43,0.5,0.65,0.97
1260570,2025-05-09 15:00:00,ORLEANS,29.9538,-90.1363,Orleans,orleans,NOPD Stables (City Park),citypark,29.99789,-90.09909,3.774,420,99.8,0.78,0.82,0,0,0.07,0.16,0.28,0.51,0.76
1260570,2025-05-09 15:00:00,ORLEANS,29.9538,-90.1363,Orleans,orleans,NOFD Rescue Squad 7 (Treme),treme,29.962679,-90.071544,3.925,0,,,,0,0,,,,,
1260570,2025-05-09 15:00:00,ORLEANS,29.9538,-90.1363,Orleans,orleans,Fairgrounds Race Course (Fairgrounds),fairgrounds,29.982384,-90.079372,3.938,422,100.2,0.59,1.33,0,0,0.08,0.15,0.23,0.37,0.59
1260570,2025-05-09 15:00:00,ORLEANS,29.9538,-90.1363,Orleans,orleans,Harbor Police Headquarters (Irish Channel),portnolapd,29.92069,-90.076342,4.257,420,99.8,0.0,0.0,0,0,0.0,0.0,0.0,0.0,0.0
1260570,2025-05-09 15:00:00,ORLEANS,29.9538,-90.1363,Orleans,orleans,Port NOLA Administration (Warehouse District/Riverwalk),portnolaadmin,29.9369,-90.06206,4.596,440,104.5,0.42,2.4,0,0,0.12,0.2,0.22,0.24,0.42
1260570,2025-05-09 15:00:00,ORLEANS,29.9538,-90.1363,Orleans,orleans,NOFD Engine 27 (Seventh Ward/St. Roch),seventhward,29.9796,-90.0585,4.986,420,99.8,0.89,3.1,0,0,0.15,0.23,0.33,0.5,0.88
1260577,2025-05-09 15:45:00,ORLEANS,29.9659,-90.1086,Orleans,orleans,Regional Transit Authority (Mid City),midcity,29.9672,-90.08893,1.181,0,,,,0,0,,,,,
1260577,2025-05-09 15:45:00,ORLEANS,29.9659,-90.1086,Orleans,orleans,NOFD Logistics (Navarre),logistics,29.98614,-90.10934,1.399,435,103.3,1.74,6.47,0,0,0.32,0.59,0.94,1.31,1.73
1260577,2025-05-09 15:45:00,ORLEANS,29.9659,-90.1086,Orleans,orleans,SWBNO East Bank Water Intake (Carrollton Bend),carrolltonbend,29.95334,-90.13797,1.961,420,99.8,1.74,4.09,0,0,0.22,0.39,0.61,1.02,1.71
1260577,2025-05-09 15:45:00,ORLEANS,29.9659,-90.1086,Orleans,orleans,Fairgrounds Race Course (Fairgrounds),fairgrounds,29.982384,-90.079372,2.087,420,99.8,1.71,5.24,0,0,0.3,0.74,1.0,1.22,1.7
1260577,2025-05-09 15:45:00,ORLEANS,29.9659,-90.1086,Orleans,orleans,Loyola University New Orleans (Uptown/Audubon),loyola,29.93707,-90.119921,2.104,422,100.2,1.76,4.0,0,0,0.28,0.57,0.89,1.24,1.75
1260577,2025-05-09 15:45:00,ORLEANS,29.9659,-90.1086,Orleans,orleans,New Orleans City Hall (Central Business District),cityhallcbd,29.95221,-90.07675,2.128,420,99.8,2.24,5.01,0,0,0.32,0.74,1.23,1.69,2.22
1260577,2025-05-09 15:45:00,ORLEANS,29.9659,-90.1086,Orleans,orleans,NOFD Rescue Squad 7 (Treme),treme,29.962679,-90.071544,2.229,0,,,,0,0,,,,,
1260577,2025-05-09 15:45:00,ORLEANS,29.9659,-90.1086,Orleans,orleans,NOPD Stables (City Park),citypark,29.99789,-90.09909,2.282,420,99.8,1.93,5.38,0,0,0.28,0.7,0.96,1.24,1.91
1260577,2025-05-09 15:45:00,ORLEANS,29.9659,-90.1086,Orleans,orleans,NOFD Engine 16 (Central City),centralcity,29.94159,-90.08053,2.376,420,99.8,2.72,6.13,0,0,0.39,0.99,1.53,2.11,2.7
1260577,2025-05-09 15:45:00,ORLEANS,29.9659,-90.1086,Orleans,orleans,NOFD Engine 27 (Seventh Ward/St. Roch),seventhward,29.9796,-90.0585,3.144,420,99.8,1.94,3.95,0,0,0.22,0.56,0.98,1.28,1.92
1260577,2025-05-09 15:45:00,ORLEANS,29.9659,-90.1086,Orleans,orleans,Port NOLA Administration (Warehouse District/Riverwalk),portnolaadmin,29.9369,-90.06206,3.432,439,104.3,0.97,2.98,0,0,0.16,0.38,0.56,0.74,0.97
1260577,2025-05-09 15:45:00,ORLEANS,29.9659,-90.1086,Orleans,orleans,Port NOLA Maintenance (Uptown/West Riverside),portnolamaintenance,29.91497,-90.11513,3.541,421,100.0,2.26,3.51,0,0,0.26,0.65,1.06,1.44,2.24
1260577,2025-05-09 15:45:00,ORLEANS,29.9659,-90.1086,Orleans,orleans,Harbor Police Headquarters (Irish Channel),portnolapd,29.92069,-90.076342,3.673,420,99.8,0.0,0.0,0,0,0.0,0.0,0.0,0.0,0.0
1260577,2025-05-09 15:45:00,ORLEANS,29.9659,-90.1086,Orleans,orleans,Municipal Yacht Harbor (Lakefront),lakefront,30.028359,-90.115627,4.336,421,100.0,0.49,3.1,0,0,0.2,0.35,0.46,0.46,0.49
1260577,2025-05-09 15:45:00,ORLEANS,29.9659,-90.1086,Orleans,orleans,NOFD Engine 12 (Gentilly/Milneburg),gentilly,30.01627,-90.05171,4.868,420,99.8,1.59,2.24,0,0,0.15,0.34,0.64,0.85,1.56
1260577,2025-05-09 15:45:00,ORLEANS,29.9659,-90.1086,Orleans,orleans,NORDC Morris F.X. Jeff Sr. Park (Algiers),algiers,29.942018,-90.029914,4.991,424,100.7,1.56,5.54,0,0,0.31,0.51,0.77,0.94,1.52
1260569,2025-05-09 14:50:00,ORLEANS,29.97,-90.07,Orleans,orleans,NOFD Rescue Squad 7 (Treme),treme,29.962679,-90.071544,0.514,0,,,,0,0,,,,,
1260569,2025-05-09 14:50:00,ORLEANS,29.97,-90.07,Orleans,orleans,NOFD Engine 27 (Seventh Ward/St. Roch),seventhward,29.9796,-90.0585,0.956,420,99.8,0.68,1.62,0,0,0.11,0.2,0.33,0.5,0.67
1260569,2025-05-09 14:50:00,ORLEANS,29.97,-90.07,Orleans,orleans,Fairgrounds Race Course (Fairgrounds),fairgrounds,29.982384,-90.079372,1.023,422,100.2,0.5,1.33,0,0,0.08,0.15,0.23,0.37,0.5
1260569,2025-05-09 14:50:00,ORLEANS,29.97,-90.07,Orleans,orleans,Regional Transit Authority (Mid City),midcity,29.9672,-90.08893,1.149,0,,,,0,0,,,,,
1260569,2025-05-09 14:50:00,ORLEANS,29.97,-90.07,Orleans,orleans,New Orleans City Hall (Central Business District),cityhallcbd,29.95221,-90.07675,1.294,419,99.5,0.6,0.77,0,0,0.06,0.14,0.22,0.38,0.59
1260569,2025-05-09 14:50:00,ORLEANS,29.97,-90.07,Orleans,orleans,NOFD Engine 16 (Central City),centralcity,29.94159,-90.08053,2.062,420,99.8,0.72,2.2,0,0,0.11,0.19,0.25,0.42,0.72
1260569,2025-05-09 14:50:00,ORLEANS,29.97,-90.07,Orleans,orleans,Port NOLA Administration (Warehouse District/Riverwalk),portnolaadmin,29.9369,-90.06206,2.336,439,104.3,0.32,2.4,0,0,0.07,0.12,0.14,0.2,0.32
1260569,2025-05-09 14:50:00,ORLEANS,29.97,-90.07,Orleans,orleans,NOPD Stables (City Park),citypark,29.99789,-90.09909,2.597,420,99.8,0.73,0.82,0,0,0.07,0.16,0.28,0.51,0.72
1260569,2025-05-09 14:50:00,ORLEANS,29.97,-90.07,Orleans,orleans,NOFD Logistics (Navarre),logistics,29.98614,-90.10934,2.605,435,103.3,0.46,0.51,0,0,0.04,0.09,0.17,0.31,0.45
1260569,2025-05-09 14:50:00,ORLEANS,29.97,-90.07,Orleans,orleans,City Equipment Maintenance (Desire),desire,29.99984,-90.03224,3.059,421,100.0,0.65,1.63,0,0,0.11,0.26,0.35,0.49,0.65
1260569,2025-05-09 14:50:00,ORLEANS,29.97,-90.07,Orleans,orleans,NORDC Morris F.X. Jeff Sr. Park (Algiers),algiers,29.942018,-90.029914,3.082,429,101.9,0.72,2.36,0,0,0.1,0.23,0.34,0.5,0.71
1260569,2025-05-09 14:50:00,ORLEANS,29.97,-90.07,Orleans,orleans,NOFD Engine 12 (Gentilly/Milneburg),gentilly,30.01627,-90.05171,3.379,420,99.8,0.77,1.86,0,0,0.11,0.24,0.37,0.58,0.76
1260569,2025-05-09 14:50:00,ORLEANS,29.97,-90.07,Orleans,orleans,Harbor Police Headquarters (Irish Channel),portnolapd,29.92069,-90.076342,3.428,420,99.8,0.0,0.0,0,0,0.0,0.0,0.0,0.0,0.0
1260569,2025-05-09 14:50:00,ORLEANS,29.97,-90.07,Orleans,orleans,Loyola University New Orleans (Uptown/Audubon),loyola,29.93707,-90.119921,3.756,425,101.0,0.61,1.73,0,0,0.1,0.2,0.25,0.4,0.6
1260569,2025-05-09 14:50:00,ORLEANS,29.97,-90.07,Orleans,orleans,SWBNO East Bank Water Intake (Carrollton Bend),carrolltonbend,29.95334,-90.13797,4.228,420,99.8,0.79,2.11,0,0,0.15,0.26,0.33,0.5,0.78
1260569,2025-05-09 14:50:00,ORLEANS,29.97,-90.07,Orleans,orleans,SWBNO East Bank Water Treatment (Lower 9th Ward),lowerninthward,29.97714,-89.99761,4.361,421,100.0,0.6,0.78,0,0,0.06,0.14,0.27,0.41,0.57
1260569,2025-05-09 14:50:00,ORLEANS,29.97,-90.07,Orleans,orleans,NOFD Engine 4 (Pines Village),pinesvillage,30.0228,-90.02382,4.577,420,99.8,0.63,1.02,0,0,0.07,0.17,0.28,0.47,0.62
1260569,2025-05-09 14:50:00,ORLEANS,29.97,-90.07,Orleans,orleans,Port NOLA Maintenance (Uptown/West Riverside),portnolamaintenance,29.91497,-90.11513,4.665,422,100.2,1.11,3.41,0,0,0.15,0.38,0.44,0.66,1.11
1260569,2025-05-09 14:50:00,ORLEANS,29.97,-90.07,Orleans,orleans,Municipal Yacht Harbor (Lakefront),lakefront,30.028359,-90.115627,4.87,420,99.8,0.03,0.28,0,0,0.02,0.03,0.03,0.03,0.03
1260571,2025-05-09 15:00:00,ORLEANS,29.97,-90.08,Orleans,orleans,Regional Transit Authority (Mid City),midcity,29.9672,-90.08893,0.568,0,,,,0,0,,,,,
1260571,2025-05-09 15:00:00,ORLEANS,29.97,-90.08,Orleans,orleans,NOFD Rescue Squad 7 (Treme),treme,29.962679,-90.071544,0.716,0,,,,0,0,,,,,
1260571,2025-05-09 15:00:00,ORLEANS,29.97,-90.08,Orleans,orleans,Fairgrounds Race Course (Fairgrounds),fairgrounds,29.982384,-90.079372,0.856,422,100.2,0.59,1.33,0,0,0.08,0.15,0.23,0.37,0.59
1260571,2025-05-09 15:00:00,ORLEANS,29.97,-90.08,Orleans,orleans,New Orleans City Hall (Central Business District),cityhallcbd,29.95221,-90.07675,1.244,420,99.8,0.98,5.01,0,0,0.25,0.43,0.5,0.65,0.97
1260571,2025-05-09 15:00:00,ORLEANS,29.97,-90.08,Orleans,orleans,NOFD Engine 27 (Seventh Ward/St. Roch),seventhward,29.9796,-90.0585,1.448,420,99.8,0.89,3.1,0,0,0.15,0.23,0.33,0.5,0.88
1260571,2025-05-09 15:00:00,ORLEANS,29.97,-90.08,Orleans,orleans,NOFD Engine 16 (Central City),centralcity,29.94159,-90.08053,1.963,420,99.8,1.27,6.13,0,0,0.39,0.66,0.76,0.89,1.27
1260571,2025-05-09 15:00:00,ORLEANS,29.97,-90.08,Orleans,orleans,NOFD Logistics (Navarre),logistics,29.98614,-90.10934,2.08,436,103.6,0.53,0.51,0,0,0.05,0.09,0.17,0.31,0.52
1260571,2025-05-09 15:00:00,ORLEANS,29.97,-90.08,Orleans,orleans,NOPD Stables (City Park),citypark,29.99789,-90.09909,2.24,420,99.8,0.78,0.82,0,0,0.07,0.16,0.28,0.51,0.76
1260571,2025-05-09 15:00:00,ORLEANS,29.97,-90.08,Orleans,orleans,Port NOLA Administration (Warehouse District/Riverwalk),portnolaadmin,29.9369,-90.06206,2.527,440,104.5,0.42,2.4,0,0,0.12,0.2,0.22,0.24,0.42
1260571,2025-05-09 15:00:00,ORLEANS,29.97,-90.08,Orleans,orleans,Loyola University New Orleans (Uptown/Audubon),loyola,29.93707,-90.119921,3.3,425,101.0,0.81,2.18,0,0,0.12,0.25,0.37,0.42,0.8
1260571,2025-05-09 15:00:00,ORLEANS,29.97,-90.08,Orleans,orleans,Harbor Police Headquarters (Irish Channel),portnolapd,29.92069,-90.076342,3.414,420,99.8,0.0,0.0,0,0,0.0,0.0,0.0,0.0,0.0
1260571,2025-05-09 15:00:00,ORLEANS,29.97,-90.08,Orleans,orleans,City Equipment Maintenance (Desire),desire,29.99984,-90.03224,3.524,421,100.0,0.75,1.99,0,0,0.11,0.26,0.35,0.49,0.74
1260571,2025-05-09 15:00:00,ORLEANS,29.97,-90.08,Orleans,orleans,NORDC Morris F.X. Jeff Sr. Park (Algiers),algiers,29.942018,-90.029914,3.568,428,101.7,1.11,5.54,0,0,0.31,0.45,0.52,0.66,1.09
1260571,2025-05-09 15:00:00,ORLEANS,29.97,-90.08,Orleans,orleans,NOFD Engine 12 (Gentilly/Milneburg),gentilly,30.01627,-90.05171,3.618,420,99.8,0.82,1.86,0,0,0.11,0.24,0.37,0.58,0.8
1260571,2025-05-09 15:00:00,ORLEANS,29.97,-90.08,Orleans,orleans,SWBNO East Bank Water Intake (Carrollton Bend),carrolltonbend,29.95334,-90.13797,3.656,420,99.8,0.91,2.11,0,0,0.15,0.26,0.33,0.53,0.9
1260571,2025-05-09 15:00:00,ORLEANS,29.97,-90.08,Orleans,orleans,Port NOLA Maintenance (Uptown/West Riverside),portnolamaintenance,29.91497,-90.11513,4.345,422,100.2,1.56,3.51,0,0,0.26,0.63,0.85,0.97,1.56
1260571,2025-05-09 15:00:00,ORLEANS,29.97,-90.08,Orleans,orleans,Municipal Yacht Harbor (Lakefront),lakefront,30.028359,-90.115627,4.561,420,99.8,0.03,0.28,0,0,0.02,0.03,0.03,0.03,0.03
1260571,2025-05-09 15:00:00,ORLEANS,29.97,-90.08,Orleans,orleans,SWBNO East Bank Water Treatment (Lower 9th Ward),lowerninthward,29.97714,-89.99761,4.956,421,100.0,0.84,3.22,0,0,0.17,0.26,0.33,0.46,0.81
1260571,2025-05-09 15:00:00,ORLEANS,29.97,-90.08,Orleans,orleans,NOFD Engine 4 (Pines Village),pinesvillage,30.0228,-90.02382,4.961,420,99.8,0.68,1.02,0,0,0.07,0.17,0.28,0.47,0.66
1260574,2025-05-09 15:15:00,ORLEANS,29.97,-90.09,Orleans,orleans,Regional Transit Authority (Mid City),midcity,29.9672,-90.08893,0.204,0,,,,0,0,,,,,
1260574,2025-05-09 15:15:00,ORLEANS,29.97,-90.09,Orleans,orleans,Fairgrounds Race Course (Fairgrounds),fairgrounds,29.982384,-90.079372,1.066,422,100.2,1.22,5.24,0,0,0.3,0.63,0.73,0.84,1.22
1260574,2025-05-09 15:15:00,ORLEANS,29.97,-90.09,Orleans,orleans,NOFD Rescue Squad 7 (Treme),treme,29.962679,-90.071544,1.215,0,,,,0,0,,,,,
1260574,2025-05-09 15:15:00,ORLEANS,29.97,-90.09,Orleans,orleans,New Orleans City Hall (Central Business District),cityhallcbd,29.95221,-90.07675,1.463,420,99.8,1.66,5.01,0,0,0.32,0.74,1.11,1.25,1.65
1260574,2025-05-09 15:15:00,ORLEANS,29.97,-90.09,Orleans,orleans,NOFD Logistics (Navarre),logistics,29.98614,-90.10934,1.607,437,103.8,0.98,6.47,0,0,0.26,0.45,0.54,0.65,0.97
1260574,2025-05-09 15:15:00,ORLEANS,29.97,-90.09,Orleans,orleans,NOFD Engine 27 (Seventh Ward/St. Roch),seventhward,29.9796,-90.0585,1.999,420,99.8,1.44,3.95,0,0,0.22,0.56,0.78,0.94,1.43
1260574,2025-05-09 15:15:00,ORLEANS,29.97,-90.09,Orleans,orleans,NOPD Stables (City Park),citypark,29.99789,-90.09909,2.002,420,99.8,1.01,1.99,0,0,0.14,0.24,0.31,0.51,1.0
1260574,2025-05-09 15:15:00,ORLEANS,29.97,-90.09,Orleans,orleans,NOFD Engine 16 (Central City),centralcity,29.94159,-90.08053,2.043,420,99.8,2.03,6.13,0,0,0.39,0.99,1.42,1.58,2.02
1260574,2025-05-09 15:15:00,ORLEANS,29.97,-90.09,Orleans,orleans,Port NOLA Administration (Warehouse District/Riverwalk),portnolaadmin,29.9369,-90.06206,2.833,441,104.8,0.8,2.98,0,0,0.16,0.38,0.55,0.6,0.8
1260574,2025-05-09 15:15:00,ORLEANS,29.97,-90.09,Orleans,orleans,Loyola University New Orleans (Uptown/Audubon),loyola,29.93707,-90.119921,2.896,424,100.7,1.36,4.0,0,0,0.28,0.57,0.8,0.93,1.35
1260574,2025-05-09 15:15:00,ORLEANS,29.97,-90.09,Orleans,orleans,SWBNO East Bank Water Intake (Carrollton Bend),carrolltonbend,29.95334,-90.13797,3.094,420,99.8,1.27,4.09,0,0,0.22,0.38,0.55,0.68,1.26
1260574,2025-05-09 15:15:00,ORLEANS,29.97,-90.09,Orleans,orleans,Harbor Police Headquarters (Irish Channel),portnolapd,29.92069,-90.076342,3.504,421,100.0,0.0,0.0,0,0,0.0,0.0,0.0,0.0,0.0
1260574,2025-05-09 15:15:00,ORLEANS,29.97,-90.09,Orleans,orleans,NOFD Engine 12 (Gentilly/Milneburg),gentilly,30.01627,-90.05171,3.933,419,99.5,1.12,2.24,0,0,0.15,0.3,0.38,0.58,1.1
1260574,2025-05-09 15:15:00,ORLEANS,29.97,-90.09,Orleans,orleans,City Equipment Maintenance (Desire),desire,29.99984,-90.03224,4.025,421,100.0,1.28,4.09,0,0,0.22,0.55,0.66,0.78,1.27
1260574,2025-05-09 15:15:00,ORLEANS,29.97,-90.09,Orleans,orleans,NORDC Morris F.X. Jeff Sr. Park (Algiers),algiers,29.942018,-90.029914,4.084,427,101.4,1.4,5.54,0,0,0.31,0.51,0.74,0.87,1.37
1260574,2025-05-09 15:15:00,ORLEANS,29.97,-90.09,Orleans,orleans,Port NOLA Maintenance (Uptown/West Riverside),portnolamaintenance,29.91497,-90.11513,4.089,422,100.2,1.98,3.51,0,0,0.26,0.65,1.06,1.32,1.98
1260574,2025-05-09 15:15:00,ORLEANS,29.97,-90.09,Orleans,orleans,Municipal Yacht Harbor (Lakefront),lakefront,30.028359,-90.115627,4.314,420,99.8,0.03,0.28,0,0,0.02,0.03,0.03,0.03,0.03
1260575,2025-05-09 15:15:00,ORLEANS,29.98,-90.09,Orleans,orleans,Fairgrounds Race Course (Fairgrounds),fairgrounds,29.982384,-90.079372,0.657,422,100.2,1.22,5.24,0,0,0.3,0.63,0.73,0.84,1.22
1260575,2025-05-09 15:15:00,ORLEANS,29.98,-90.09,Orleans,orleans,Regional Transit Authority (Mid City),midcity,29.9672,-90.08893,0.887,0,,,,0,0,,,,,
1260575,2025-05-09 15:15:00,ORLEANS,29.98,-90.09,Orleans,orleans,NOFD Logistics (Navarre),logistics,29.98614,-90.10934,1.233,437,103.8,0.98,6.47,0,0,0.26,0.45,0.54,0.65,0.97
1260575,2025-05-09 15:15:00,ORLEANS,29.98,-90.09,Orleans,orleans,NOPD Stables (City Park),citypark,29.99789,-90.09909,1.35,420,99.8,1.01,1.99,0,0,0.14,0.24,0.31,0.51,1.0
1260575,2025-05-09 15:15:00,ORLEANS,29.98,-90.09,Orleans,orleans,NOFD Rescue Squad 7 (Treme),treme,29.962679,-90.071544,1.629,0,,,,0,0,,,,,
1260575,2025-05-09 15:15:00,ORLEANS,29.98,-90.09,Orleans,orleans,NOFD Engine 27 (Seventh Ward/St. Roch),seventhward,29.9796,-90.0585,1.885,420,99.8,1.44,3.95,0,0,0.22,0.56,0.78,0.94,1.43
1260575,2025-05-09 15:15:00,ORLEANS,29.98,-90.09,Orleans,orleans,New Orleans City Hall (Central Business District),cityhallcbd,29.95221,-90.07675,2.077,420,99.8,1.66,5.01,0,0,0.32,0.74,1.11,1.25,1.65
1260575,2025-05-09 15:15:00,ORLEANS,29.98,-90.09,Orleans,orleans,NOFD Engine 16 (Central City),centralcity,29.94159,-90.08053,2.714,420,99.8,2.03,6.13,0,0,0.39,0.99,1.42,1.58,2.02
1260575,2025-05-09 15:15:00,ORLEANS,29.98,-90.09,Orleans,orleans,NOFD Engine 12 (Gentilly/Milneburg),gentilly,30.01627,-90.05171,3.396,419,99.5,1.12,2.24,0,0,0.15,0.3,0.38,0.58,1.1
1260575,2025-05-09 15:15:00,ORLEANS,29.98,-90.09,Orleans,orleans,SWBNO East Bank Water Intake (Carrollton Bend),carrolltonbend,29.95334,-90.13797,3.411,420,99.8,1.27,4.09,0,0,0.22,0.38,0.55,0.68,1.26
1260575,2025-05-09 15:15:00,ORLEANS,29.98,-90.09,Orleans,orleans,Port NOLA Administration (Warehouse District/Riverwalk),portnolaadmin,29.9369,-90.06206,3.415,441,104.8,0.8,2.98,0,0,0.16,0.38,0.55,0.6,0.8
1260575,2025-05-09 15:15:00,ORLEANS,29.98,-90.09,Orleans,orleans,Loyola University New Orleans (Uptown/Audubon),loyola,29.93707,-90.119921,3.465,424,100.7,1.36,4.0,0,0,0.28,0.57,0.8,0.93,1.35
1260575,2025-05-09 15:15:00,ORLEANS,29.98,-90.09,Orleans,orleans,Municipal Yacht Harbor (Lakefront),lakefront,30.028359,-90.115627,3.676,420,99.8,0.03,0.28,0,0,0.02,0.03,0.03,0.03,0.03
1260575,2025-05-09 15:15:00,ORLEANS,29.98,-90.09,Orleans,orleans,City Equipment Maintenance (Desire),desire,29.99984,-90.03224,3.718,421,100.0,1.28,4.09,0,0,0.22,0.55,0.66,0.78,1.27
1260575,2025-05-09 15:15:00,ORLEANS,29.98,-90.09,Orleans,orleans,Harbor Police Headquarters (Irish Channel),portnolapd,29.92069,-90.076342,4.179,421,100.0,0.0,0.0,0,0,0.0,0.0,0.0,0.0,0.0
1260575,2025-05-09 15:15:00,ORLEANS,29.98,-90.09,Orleans,orleans,NORDC Morris F.X. Jeff Sr. Park (Algiers),algiers,29.942018,-90.029914,4.452,427,101.4,1.4,5.54,0,0,0.31,0.51,0.74,0.87,1.37
1260575,2025-05-09 15:15:00,ORLEANS,29.98,-90.09,Orleans,orleans,Port NOLA Maintenance (Uptown/West Riverside),portnolamaintenance,29.91497,-90.11513,4.738,422,100.2,1.98,3.51,0,0,0.26,0.65,1.06,1.32,1.98
1260575,2025-05-09 15:15:00,ORLEANS,29.98,-90.09,Orleans,orleans,NOFD Engine 4 (Pines Village),pinesvillage,30.0228,-90.02382,4.942,420,99.8,1.03,2.29,0,0,0.16,0.35,0.42,0.59,1.01
1260576,2025-05-09 15:15:00,ORLEANS,29.98,-90.11,Orleans,orleans,NOFD Logistics (Navarre),logistics,29.98614,-90.10934,0.426,437,103.8,0.98,6.47,0,0,0.26,0.45,0.54,0.65,0.97
1260576,2025-05-09 15:15:00,ORLEANS,29.98,-90.11,Orleans,orleans,NOPD Stables (City Park),citypark,29.99789,-90.09909,1.398,420,99.8,1.01,1.99,0,0,0.14,0.24,0.31,0.51,1.0
1260576,2025-05-09 15:15:00,ORLEANS,29.98,-90.11,Orleans,orleans,Regional Transit Authority (Mid City),midcity,29.9672,-90.08893,1.54,0,,,,0,0,,,,,
1260576,2025-05-09 15:15:00,ORLEANS,29.98,-90.11,Orleans,orleans,Fairgrounds Race Course (Fairgrounds),fairgrounds,29.982384,-90.079372,1.84,422,100.2,1.22,5.24,0,0,0.3,0.63,0.73,0.84,1.22
1260576,2025-05-09 15:15:00,ORLEANS,29.98,-90.11,Orleans,orleans,SWBNO East Bank Water Intake (Carrollton Bend),carrolltonbend,29.95334,-90.13797,2.489,420,99.8,1.27,4.09,0,0,0.22,0.38,0.55,0.68,1.26
1260576,2025-05-09 15:15:00,ORLEANS,29.98,-90.11,Orleans,orleans,NOFD Rescue Squad 7 (Treme),treme,29.962679,-90.071544,2.594,0,,,,0,0,,,,,
1260576,2025-05-09 15:15:00,ORLEANS,29.98,-90.11,Orleans,orleans,New Orleans City Hall (Central Business District),cityhallcbd,29.95221,-90.07675,2.765,420,99.8,1.66,5.01,0,0,0.32,0.74,1.11,1.25,1.65
1260576,2025-05-09 15:15:00,ORLEANS,29.98,-90.11,Orleans,orleans,Loyola University New Orleans (Uptown/Audubon),loyola,29.93707,-90.119921,3.025,424,100.7,1.36,4.0,0,0,0.28,0.57,0.8,0.93,1.35
1260576,2025-05-09 15:15:00,ORLEANS,29.98,-90.11,Orleans,orleans,NOFD Engine 27 (Seventh Ward/St. Roch),seventhward,29.9796,-90.0585,3.082,420,99.8,1.44,3.95,0,0,0.22,0.56,0.78,0.94,1.43
1260576,2025-05-09 15:15:00,ORLEANS,29.98,-90.11,Orleans,orleans,NOFD Engine 16 (Central City),centralcity,29.94159,-90.08053,3.187,420,99.8,2.03,6.13,0,0,0.39,0.99,1.42,1.58,2.02
1260576,2025-05-09 15:15:00,ORLEANS,29.98,-90.11,Orleans,orleans,Municipal Yacht Harbor (Lakefront),lakefront,30.028359,-90.115627,3.358,420,99.8,0.03,0.28,0,0,0.02,0.03,0.03,0.03,0.03
1260576,2025-05-09 15:15:00,ORLEANS,29.98,-90.11,Orleans,orleans,Port NOLA Administration (Warehouse District/Riverwalk),portnolaadmin,29.9369,-90.06206,4.136,441,104.8,0.8,2.98,0,0,0.16,0.38,0.55,0.6,0.8
1260576,2025-05-09 15:15:00,ORLEANS,29.98,-90.11,Orleans,orleans,NOFD Engine 12 (Gentilly/Milneburg),gentilly,30.01627,-90.05171,4.295,419,99.5,1.12,2.24,0,0,0.15,0.3,0.38,0.58,1.1
1260576,2025-05-09 15:15:00,ORLEANS,29.98,-90.11,Orleans,orleans,Port NOLA Maintenance (Uptown/West Riverside),portnolamaintenance,29.91497,-90.11513,4.504,422,100.2,1.98,3.51,0,0,0.26,0.65,1.06,1.32,1.98
1260576,2025-05-09 15:15:00,ORLEANS,29.98,-90.11,Orleans,orleans,Harbor Police Headquarters (Irish Channel),portnolapd,29.92069,-90.076342,4.567,421,100.0,0.0,0.0,0,0,0.0,0.0,0.0,0.0,0.0
1260576,2025-05-09 15:15:00,ORLEANS,29.98,-90.11,Orleans,orleans,City Equipment Maintenance (Desire),desire,29.99984,-90.03224,4.851,421,100.0,1.28,4.09,0,0,0.22,0.55,0.66,0.78,1.27
1260578,2025-05-09 16:15:00,JEFFERSON,29.9968,-90.1242,Orleans,orleans,NOFD Logistics (Navarre),logistics,29.98614,-90.10934,1.155,434,103.1,2.24,6.47,0,0,0.32,0.59,0.94,1.56,2.21
1260578,2025-05-09 16:15:00,JEFFERSON,29.9968,-90.1242,Orleans,orleans,NOPD Stables (City Park),citypark,29.99789,-90.09909,1.504,420,99.8,2.34,5.38,0,0,0.28,0.7,0.96,1.43,2.3
1260578,2025-05-09 16:15:00,JEFFERSON,29.9968,-90.1242,Orleans,orleans,Municipal Yacht Harbor (Lakefront),lakefront,30.028359,-90.115627,2.24,420,99.8,0.53,3.1,0,0,0.2,0.35,0.46,0.5,0.53
1260578,2025-05-09 16:15:00,JEFFERSON,29.9968,-90.1242,Orleans,orleans,Fairgrounds Race Course (Fairgrounds),fairgrounds,29.982384,-90.079372,2.862,421,100.0,2.0,5.24,0,0,0.3,0.74,1.0,1.29,1.97
1260578,2025-05-09 16:15:00,JEFFERSON,29.9968,-90.1242,Orleans,orleans,Regional Transit Authority (Mid City),midcity,29.9672,-90.08893,2.939,0,,,,0,0,,,,,
1260578,2025-05-09 16:15:00,JEFFERSON,29.9968,-90.1242,Orleans,orleans,SWBNO East Bank Water Intake (Carrollton Bend),carrolltonbend,29.95334,-90.13797,3.114,420,99.8,1.99,4.09,0,0,0.22,0.39,0.61,1.02,1.9
1260578,2025-05-09 16:15:00,JEFFERSON,29.9968,-90.1242,Orleans,orleans,NOFD Rescue Squad 7 (Treme),treme,29.962679,-90.071544,3.936,0,,,,0,0,,,,,
1260578,2025-05-09 16:15:00,JEFFERSON,29.9968,-90.1242,Orleans,orleans,NOFD Engine 27 (Seventh Ward/St. Roch),seventhward,29.9796,-90.0585,4.107,420,99.8,2.24,3.95,0,0,0.22,0.56,0.98,1.33,2.21
1260578,2025-05-09 16:15:00,JEFFERSON,29.9968,-90.1242,Orleans,orleans,Loyola University New Orleans (Uptown/Audubon),loyola,29.93707,-90.119921,4.135,421,100.0,1.87,4.0,0,0,0.28,0.57,0.89,1.24,1.86
1260578,2025-05-09 16:15:00,JEFFERSON,29.9968,-90.1242,Orleans,orleans,New Orleans City Hall (Central Business District),cityhallcbd,29.95221,-90.07675,4.19,420,99.8,2.46,5.01,0,0,0.32,0.74,1.23,1.75,2.43
1260578,2025-05-09 16:15:00,JEFFERSON,29.9968,-90.1242,Orleans,orleans,NOFD Engine 12 (Gentilly/Milneburg),gentilly,30.01627,-90.05171,4.541,420,99.8,1.82,2.24,0,0,0.15,0.34,0.64,0.89,1.78
1260578,2025-05-09 16:15:00,JEFFERSON,29.9968,-90.1242,Orleans,orleans,NOFD Engine 16 (Central City),centralcity,29.94159,-90.08053,4.624,420,99.8,2.89,6.13,0,0,0.39,0.99,1.53,2.14,2.86
1260573,2025-05-09 15:10:00,ORLEANS,29.998,-90.1115,Orleans,orleans,NOPD Stables (City Park),citypark,29.99789,-90.09909,0.743,420,99.8,0.88,1.22,0,0,0.07,0.16,0.28,0.51,0.87
1260573,2025-05-09 15:10:00,ORLEANS,29.998,-90.1115,Orleans,orleans,NOFD Logistics (Navarre),logistics,29.98614,-90.10934,0.83,436,103.6,0.73,2.43,0,0,0.13,0.23,0.3,0.43,0.72
1260573,2025-05-09 15:10:00,ORLEANS,29.998,-90.1115,Orleans,orleans,Municipal Yacht Harbor (Lakefront),lakefront,30.028359,-90.115627,2.112,421,100.0,0.03,0.28,0,0,0.02,0.03,0.03,0.03,0.03
1260573,2025-05-09 15:10:00,ORLEANS,29.998,-90.1115,Orleans,orleans,Fairgrounds Race Course (Fairgrounds),fairgrounds,29.982384,-90.079372,2.205,422,100.2,0.95,4.8,0,0,0.23,0.43,0.48,0.59,0.95
1260573,2025-05-09 15:10:00,ORLEANS,29.998,-90.1115,Orleans,orleans,Regional Transit Authority (Mid City),midcity,29.9672,-90.08893,2.521,0,,,,0,0,,,,,
1260573,2025-05-09 15:10:00,ORLEANS,29.998,-90.1115,Orleans,orleans,NOFD Rescue Squad 7 (Treme),treme,29.962679,-90.071544,3.417,0,,,,0,0,,,,,
1260573,2025-05-09 15:10:00,ORLEANS,29.998,-90.1115,Orleans,orleans,NOFD Engine 27 (Seventh Ward/St. Roch),seventhward,29.9796,-90.0585,3.417,420,99.8,1.28,3.95,0,0,0.21,0.54,0.65,0.8,1.27
1260573,2025-05-09 15:10:00,ORLEANS,29.998,-90.1115,Orleans,orleans,SWBNO East Bank Water Intake (Carrollton Bend),carrolltonbend,29.95334,-90.13797,3.469,420,99.8,1.19,4.09,0,0,0.2,0.35,0.5,0.63,1.18
1260573,2025-05-09 15:10:00,ORLEANS,29.998,-90.1115,Orleans,orleans,New Orleans City Hall (Central Business District),cityhallcbd,29.95221,-90.07675,3.786,420,99.8,1.43,5.01,0,0,0.32,0.7,0.91,1.05,1.42
1260573,2025-05-09 15:10:00,ORLEANS,29.998,-90.1115,Orleans,orleans,NOFD Engine 12 (Gentilly/Milneburg),gentilly,30.01627,-90.05171,3.794,420,99.8,1.04,2.24,0,0,0.15,0.24,0.37,0.58,1.02
1260573,2025-05-09 15:10:00,ORLEANS,29.998,-90.1115,Orleans,orleans,Loyola University New Orleans (Uptown/Audubon),loyola,29.93707,-90.119921,4.24,424,100.7,1.19,4.0,0,0,0.28,0.51,0.72,0.78,1.18
1260573,2025-05-09 15:10:00,ORLEANS,29.998,-90.1115,Orleans,orleans,NOFD Engine 16 (Central City),centralcity,29.94159,-90.08053,4.316,420,99.8,1.85,6.13,0,0,0.39,0.99,1.29,1.42,1.85
1260573,2025-05-09 15:10:00,ORLEANS,29.998,-90.1115,Orleans,orleans,City Equipment Maintenance (Desire),desire,29.99984,-90.03224,4.744,421,100.0,1.09,2.97,0,0,0.22,0.41,0.48,0.61,1.08
1260572,2025-05-09 15:00:00,ORLEANS,30.0108,-90.023,Orleans,orleans,NOFD Engine 4 (Pines Village),pinesvillage,30.0228,-90.02382,0.831,420,99.8,0.68,1.02,0,0,0.07,0.17,0.28,0.47,0.66
1260572,2025-05-09 15:00:00,ORLEANS,30.0108,-90.023,Orleans,orleans,City Equipment Maintenance (Desire),desire,29.99984,-90.03224,0.938,421,100.0,0.75,1.99,0,0,0.11,0.26,0.35,0.49,0.74
1260572,2025-05-09 15:00:00,ORLEANS,30.0108,-90.023,Orleans,orleans,NOFD Engine 12 (Gentilly/Milneburg),gentilly,30.01627,-90.05171,1.759,420,99.8,0.82,1.86,0,0,0.11,0.24,0.37,0.58,0.8
1260572,2025-05-09 15:00:00,ORLEANS,30.0108,-90.023,Orleans,orleans,SWBNO East Bank Water Treatment (Lower 9th Ward),lowerninthward,29.97714,-89.99761,2.778,421,100.0,0.84,3.22,0,0,0.17,0.26,0.33,0.46,0.81
1260572,2025-05-09 15:00:00,ORLEANS,30.0108,-90.023,Orleans,orleans,NOFD Engine 27 (Seventh Ward/St. Roch),seventhward,29.9796,-90.0585,3.027,420,99.8,0.89,3.1,0,0,0.15,0.23,0.33,0.5,0.88
1260572,2025-05-09 15:00:00,ORLEANS,30.0108,-90.023,Orleans,orleans,NOFD Engine 36 (New Orleans East),neworleanseast,30.02742,-89.96873,3.444,421,100.0,0.0,0.0,0,0,0.0,0.0,0.0,0.0,0.0
1260572,2025-05-09 15:00:00,ORLEANS,30.0108,-90.023,Orleans,orleans,Fairgrounds Race Course (Fairgrounds),fairgrounds,29.982384,-90.079372,3.903,422,100.2,0.59,1.33,0,0,0.08,0.15,0.23,0.37,0.59
1260572,2025-05-09 15:00:00,ORLEANS,30.0108,-90.023,Orleans,orleans,NOFD Rescue Squad 7 (Treme),treme,29.962679,-90.071544,4.415,0,,,,0,0,,,,,
1260572,2025-05-09 15:00:00,ORLEANS,30.0108,-90.023,Orleans,orleans,NOPD Stables (City Park),citypark,29.99789,-90.09909,4.639,420,99.8,0.78,0.82,0,0,0.07,0.16,0.28,0.51,0.76
1260572,2025-05-09 15:00:00,ORLEANS,30.0108,-90.023,Orleans,orleans,SWBNO Pumping Station (Little Woods),littlewoods,30.058639,-89.966746,4.717,425,101.0,0.7,1.13,0,0,0.08,0.19,0.32,0.48,0.66
1260572,2025-05-09 15:00:00,ORLEANS,30.0108,-90.023,Orleans,orleans,NORDC Morris F.X. Jeff Sr. Park (Algiers),algiers,29.942018,-90.029914,4.77,428,101.7,1.11,5.54,0,0,0.31,0.45,0.52,0.66,1.09
1260572,2025-05-09 15:00:00,ORLEANS,30.0108,-90.023,Orleans,orleans,Regional Transit Authority (Mid City),midcity,29.9672,-90.08893,4.964,0,,,,0,0,,,,,
1260603,2025-05-28 14:30:00,ORLEANS,29.99,-90.07,Orleans,orleans,Fairgrounds Race Course (Fairgrounds),fairgrounds,29.982384,-90.079372,0.769,423,100.5,0.6,3.24,0,0,0.2,0.31,0.39,0.51,0.6
1260603,2025-05-28 14:30:00,ORLEANS,29.99,-90.07,Orleans,orleans,NOFD Engine 27 (Seventh Ward/St. Roch),seventhward,29.9796,-90.0585,0.995,420,99.8,0.69,3.92,0,0,0.25,0.47,0.57,0.58,0.69
1260603,2025-05-28 14:30:00,ORLEANS,29.99,-90.07,Orleans,orleans,NOPD Stables (City Park),citypark,29.99789,-90.09909,1.824,419,99.5,2.55,14.05,0,0,0.56,1.24,1.81,2.44,2.55
1260603,2025-05-28 14:30:00,ORLEANS,29.99,-90.07,Orleans,orleans,NOFD Rescue Squad 7 (Treme),treme,29.962679,-90.071544,1.89,0,,,,0,0,,,,,
1260603,2025-05-28 14:30:00,ORLEANS,29.99,-90.07,Orleans,orleans,Regional Transit Authority (Mid City),midcity,29.9672,-90.08893,1.94,0,,,,0,0,,,,,
1260603,2025-05-28 14:30:00,ORLEANS,29.99,-90.07,Orleans,orleans,NOFD Engine 12 (Gentilly/Milneburg),gentilly,30.01627,-90.05171,2.119,419,99.5,2.43,5.33,0,0,0.38,0.79,1.15,2.19,2.43
1260603,2025-05-28 14:30:00,ORLEANS,29.99,-90.07,Orleans,orleans,City Equipment Maintenance (Desire),desire,29.99984,-90.03224,2.36,420,99.8,1.07,5.19,1,0,0.22,0.43,0.55,0.78,1.07
1260603,2025-05-28 14:30:00,ORLEANS,29.99,-90.07,Orleans,orleans,NOFD Logistics (Navarre),logistics,29.98614,-90.10934,2.369,442,105.0,0.29,2.37,0,0,0.12,0.16,0.16,0.28,0.29
1260603,2025-05-28 14:30:00,ORLEANS,29.99,-90.07,Orleans,orleans,New Orleans City Hall (Central Business District),cityhallcbd,29.95221,-90.07675,2.642,420,99.8,0.2,2.89,0,0,0.15,0.18,0.19,0.2,0.2
1260603,2025-05-28 14:30:00,ORLEANS,29.99,-90.07,Orleans,orleans,NOFD Engine 16 (Central City),centralcity,29.94159,-90.08053,3.404,420,99.8,0.24,3.72,0,0,0.2,0.24,0.24,0.24,0.24
1260603,2025-05-28 14:30:00,ORLEANS,29.99,-90.07,Orleans,orleans,NOFD Engine 4 (Pines Village),pinesvillage,30.0228,-90.02382,3.574,420,99.8,1.51,4.57,1,0,0.23,0.57,0.74,1.4,1.51
1260603,2025-05-28 14:30:00,ORLEANS,29.99,-90.07,Orleans,orleans,Port NOLA Administration (Warehouse District/Riverwalk),portnolaadmin,29.9369,-90.06206,3.7,444,105.5,0.03,0.38,0,0,0.02,0.02,0.03,0.03,0.03
1260603,2025-05-28 14:30:00,ORLEANS,29.99,-90.07,Orleans,orleans,Municipal Yacht Harbor (Lakefront),lakefront,30.028359,-90.115627,3.805,422,100.2,0.42,4.09,0,0,0.2,0.4,0.42,0.42,0.42
1260603,2025-05-28 14:30:00,ORLEANS,29.99,-90.07,Orleans,orleans,NORDC Morris F.X. Jeff Sr. Park (Algiers),algiers,29.942018,-90.029914,4.092,424,100.7,0.02,0.04,1,0,0.01,0.02,0.02,0.02,0.02
1260603,2025-05-28 14:30:00,ORLEANS,29.99,-90.07,Orleans,orleans,SWBNO East Bank Water Treatment (Lower 9th Ward),lowerninthward,29.97714,-89.99761,4.422,422,100.2,0.19,3.25,1,0,0.13,0.18,0.19,0.19,0.19
1260603,2025-05-28 14:30:00,ORLEANS,29.99,-90.07,Orleans,orleans,Loyola University New Orleans (Uptown/Audubon),loyola,29.93707,-90.119921,4.723,423,100.5,0.0,0.0,0,0,0.0,0.0,0.0,0.0,0.0
1260603,2025-05-28 14:30:00,ORLEANS,29.99,-90.07,Orleans,orleans,SWBNO East Bank Water Intake (Carrollton Bend),carrolltonbend,29.95334,-90.13797,4.792,420,99.8,0.0,0.0,0,0,0.0,0.0,0.0,0.0,0.0
1260603,2025-05-28 14:30:00,ORLEANS,29.99,-90.07,Orleans,orleans,Harbor Police Headquarters (Irish Channel),portnolapd,29.92069,-90.076342,4.804,425,101.0,0.0,0.0,0,0,0.0,0.0,0.0,0.0,0.0
1278338,2025-06-13 10:55:00,ORLEANS,29.97,-90.09,Orleans,orleans,Regional Transit Authority (Mid City),midcity,29.9672,-90.08893,0.204,0,,,,0,0,,,,,
1278338,2025-06-13 10:55:00,ORLEANS,29.97,-90.09,Orleans,orleans,Fairgrounds Race Course (Fairgrounds),fairgrounds,29.982384,-90.079372,1.066,422,100.2,0.05,0.62,0,0,0.03,0.05,0.05,0.05,0.05
1278338,2025-06-13 10:55:00,ORLEANS,29.97,-90.09,Orleans,orleans,NOFD Rescue Squad 7 (Treme),treme,29.962679,-90.071544,1.215,0,,,,0,0,,,,,
1278338,2025-06-13 10:55:00,ORLEANS,29.97,-90.09,Orleans,orleans,New Orleans City Hall (Central Business District),cityhallcbd,29.95221,-90.07675,1.463,420,99.8,0.09,2.59,0,0,0.09,0.09,0.09,0.09,0.09
1278338,2025-06-13 10:55:00,ORLEANS,29.97,-90.09,Orleans,orleans,NOFD Logistics (Navarre),logistics,29.98614,-90.10934,1.607,431,102.4,0.0,0.0,0,0,0.0,0.0,0.0,0.0,0.0
1278338,2025-06-13 10:55:00,ORLEANS,29.97,-90.09,Orleans,orleans,NOFD Engine 27 (Seventh Ward/St. Roch),seventhward,29.9796,-90.0585,1.999,420,99.8,0.16,3.6,0,0,0.13,0.16,0.16,0.16,0.16
1278338,2025-06-13 10:55:00,ORLEANS,29.97,-90.09,Orleans,orleans,NOPD Stables (City Park),citypark,29.99789,-90.09909,2.002,422,100.2,0.0,0.0,0,0,0.0,0.0,0.0,0.0,0.0
1278338,2025-06-13 10:55:00,ORLEANS,29.97,-90.09,Orleans,orleans,NOFD Engine 16 (Central City),centralcity,29.94159,-90.08053,2.043,420,99.8,0.06,2.48,0,0,0.05,0.06,0.06,0.06,0.06
1278338,2025-06-13 10:55:00,ORLEANS,29.97,-90.09,Orleans,orleans,Port NOLA Administration (Warehouse District/Riverwalk),portnolaadmin,29.9369,-90.06206,2.833,434,103.1,0.01,0.01,0,0,0.01,0.01,0.01,0.01,0.01
1278338,2025-06-13 10:55:00,ORLEANS,29.97,-90.09,Orleans,orleans,Loyola University New Orleans (Uptown/Audubon),loyola,29.93707,-90.119921,2.896,423,100.5,0.05,1.22,0,0,0.05,0.05,0.05,0.05,0.05
1278338,2025-06-13 10:55:00,ORLEANS,29.97,-90.09,Orleans,orleans,SWBNO East Bank Water Intake (Carrollton Bend),carrolltonbend,29.95334,-90.13797,3.094,420,99.8,0.0,0.0,0,0,0.0,0.0,0.0,0.0,0.0
1278338,2025-06-13 10:55:00,ORLEANS,29.97,-90.09,Orleans,orleans,Harbor Police Headquarters (Irish Channel),portnolapd,29.92069,-90.076342,3.504,13,3.1,0.0,0.0,0,0,0.0,0.0,0.0,0.0,0.0
1278338,2025-06-13 10:55:00,ORLEANS,29.97,-90.09,Orleans,orleans,NOFD Engine 12 (Gentilly/Milneburg),gentilly,30.01627,-90.05171,3.933,420,99.8,0.16,2.04,0,0,0.11,0.16,0.16,0.16,0.16
1278338,2025-06-13 10:55:00,ORLEANS,29.97,-90.09,Orleans,orleans,City Equipment Maintenance (Desire),desire,29.99984,-90.03224,4.025,421,100.0,0.38,3.13,0,0,0.15,0.22,0.38,0.38,0.38
1278338,2025-06-13 10:55:00,ORLEANS,29.97,-90.09,Orleans,orleans,NORDC Morris F.X. Jeff Sr. Park (Algiers),algiers,29.942018,-90.029914,4.084,450,106.9,0.18,4.11,0,0,0.16,0.18,0.18,0.18,0.18
1278338,2025-06-13 10:55:00,ORLEANS,29.97,-90.09,Orleans,orleans,Port NOLA Maintenance (Uptown/West Riverside),portnolamaintenance,29.91497,-90.11513,4.089,424,100.7,0.02,0.1,0,0,0.01,0.02,0.02,0.02,0.02
1278338,2025-06-13 10:55:00,ORLEANS,29.97,-90.09,Orleans,orleans,Municipal Yacht Harbor (Lakefront),lakefront,30.028359,-90.115627,4.314,424,100.7,0.0,0.0,0,0,0.0,0.0,0.0,0.0,0.0
1279222,2025-06-14 16:05:00,ST. CHARLES,29.92,-90.34,St. Charles,stcharles,Willowridge Pump Station Luling,luling,29.88536,-90.344,2.405,420,99.8,3.74,0.04,7,0,0.55,0.55,0.56,1.1,2.04
1279222,2025-06-14 16:05:00,ST. CHARLES,29.92,-90.34,St. Charles,stcharles,St. Charles Parish EOC,stcharleseoc,29.964178,-90.403987,4.898,399,94.8,0.27,1.05,3,0,0.18,0.18,0.18,0.18,0.2
1279226,2025-06-14 16:15:00,ORLEANS,29.93,-90.08,Orleans,orleans,Harbor Police Headquarters (Irish Channel),portnolapd,29.92069,-90.076342,0.68,0,,,,0,0,,,,,
1279226,2025-06-14 16:15:00,ORLEANS,29.93,-90.08,Orleans,orleans,NOFD Engine 16 (Central City),centralcity,29.94159,-90.08053,0.801,420,99.8,1.04,0.0,3,0,1.03,1.03,1.03,1.03,1.04
1279226,2025-06-14 16:15:00,ORLEANS,29.93,-90.08,Orleans,orleans,Port NOLA Administration (Warehouse District/Riverwalk),portnolaadmin,29.9369,-90.06206,1.175,437,103.8,0.52,0.0,3,0,0.45,0.45,0.45,0.45,0.52
1279226,2025-06-14 16:15:00,ORLEANS,29.93,-90.08,Orleans,orleans,New Orleans City Hall (Central Business District),cityhallcbd,29.95221,-90.07675,1.547,420,99.8,0.99,0.0,3,0,0.98,0.98,0.98,0.99,0.99
1279226,2025-06-14 16:15:00,ORLEANS,29.93,-90.08,Orleans,orleans,NOFD Rescue Squad 7 (Treme),treme,29.962679,-90.071544,2.314,0,,,,0,0,,,,,
1279226,2025-06-14 16:15:00,ORLEANS,29.93,-90.08,Orleans,orleans,Port NOLA Maintenance (Uptown/West Riverside),portnolamaintenance,29.91497,-90.11513,2.346,421,100.0,0.71,0.0,3,0,0.65,0.65,0.65,0.71,0.71
1279226,2025-06-14 16:15:00,ORLEANS,29.93,-90.08,Orleans,orleans,Loyola University New Orleans (Uptown/Audubon),loyola,29.93707,-90.119921,2.44,427,101.4,0.88,0.0,3,0,0.87,0.87,0.87,0.88,0.88
1279226,2025-06-14 16:15:00,ORLEANS,29.93,-90.08,Orleans,orleans,Regional Transit Authority (Mid City),midcity,29.9672,-90.08893,2.625,0,,,,0,0,,,,,
1279226,2025-06-14 16:15:00,ORLEANS,29.93,-90.08,Orleans,orleans,NORDC Morris F.X. Jeff Sr. Park (Algiers),algiers,29.942018,-90.029914,3.112,430,102.1,0.73,2.62,3,0,0.45,0.45,0.45,0.46,0.46
1279226,2025-06-14 16:15:00,ORLEANS,29.93,-90.08,Orleans,orleans,Fairgrounds Race Course (Fairgrounds),fairgrounds,29.982384,-90.079372,3.62,420,99.8,0.97,0.0,2,0,0.97,0.97,0.97,0.97,0.97
1279226,2025-06-14 16:15:00,ORLEANS,29.93,-90.08,Orleans,orleans,NOFD Engine 27 (Seventh Ward/St. Roch),seventhward,29.9796,-90.0585,3.661,420,99.8,1.45,0.0,2,0,1.45,1.45,1.45,1.45,1.45
1279226,2025-06-14 16:15:00,ORLEANS,29.93,-90.08,Orleans,orleans,SWBNO East Bank Water Intake (Carrollton Bend),carrolltonbend,29.95334,-90.13797,3.827,420,99.8,0.01,0.0,2,0,0.01,0.01,0.01,0.01,0.01
1279226,2025-06-14 16:15:00,ORLEANS,29.93,-90.08,Orleans,orleans,NOFD Logistics (Navarre),logistics,29.98614,-90.10934,4.258,435,103.3,0.02,0.01,1,0,0.01,0.01,0.01,0.02,0.02
1279226,2025-06-14 16:15:00,ORLEANS,29.93,-90.08,Orleans,orleans,NOPD Stables (City Park),citypark,29.99789,-90.09909,4.828,420,99.8,0.01,0.0,2,0,0.01,0.01,0.01,0.01,0.01
1279226,2025-06-14 16:15:00,ORLEANS,29.93,-90.08,Orleans,orleans,NORDC Norman Playground (Old Aurora),oldaurora,29.919922,-89.998203,4.947,450,106.9,0.4,1.18,4,0,0.16,0.16,0.16,0.27,0.33
1279221,2025-06-14 16:00:00,ST. CHARLES,29.95,-90.32,St. Charles,stcharles,Willowridge Pump Station Luling,luling,29.88536,-90.344,4.692,420,99.8,3.2,0.04,6,0,0.54,0.55,0.56,1.04,2.04
1279228,2025-06-14 16:15:00,ORLEANS,29.9547,-90.0806,Orleans,orleans,New Orleans City Hall (Central Business District),cityhallcbd,29.95221,-90.07675,0.288,420,99.8,0.99,0.0,3,0,0.98,0.98,0.98,0.99,0.99
1279228,2025-06-14 16:15:00,ORLEANS,29.9547,-90.0806,Orleans,orleans,NOFD Rescue Squad 7 (Treme),treme,29.962679,-90.071544,0.773,0,,,,0,0,,,,,
1279228,2025-06-14 16:15:00,ORLEANS,29.9547,-90.0806,Orleans,orleans,NOFD Engine 16 (Central City),centralcity,29.94159,-90.08053,0.906,420,99.8,1.04,0.0,3,0,1.03,1.03,1.03,1.03,1.04
1279228,2025-06-14 16:15:00,ORLEANS,29.9547,-90.0806,Orleans,orleans,Regional Transit Authority (Mid City),midcity,29.9672,-90.08893,0.997,0,,,,0,0,,,,,
1279228,2025-06-14 16:15:00,ORLEANS,29.9547,-90.0806,Orleans,orleans,Port NOLA Administration (Warehouse District/Riverwalk),portnolaadmin,29.9369,-90.06206,1.657,437,103.8,0.52,0.0,3,0,0.45,0.45,0.45,0.45,0.52
1279228,2025-06-14 16:15:00,ORLEANS,29.9547,-90.0806,Orleans,orleans,Fairgrounds Race Course (Fairgrounds),fairgrounds,29.982384,-90.079372,1.914,420,99.8,0.97,0.0,2,0,0.97,0.97,0.97,0.97,0.97
1279228,2025-06-14 16:15:00,ORLEANS,29.9547,-90.0806,Orleans,orleans,NOFD Engine 27 (Seventh Ward/St. Roch),seventhward,29.9796,-90.0585,2.17,420,99.8,1.45,0.0,2,0,1.45,1.45,1.45,1.45,1.45
1279228,2025-06-14 16:15:00,ORLEANS,29.9547,-90.0806,Orleans,orleans,Harbor Police Headquarters (Irish Channel),portnolapd,29.92069,-90.076342,2.364,0,,,,0,0,,,,,
1279228,2025-06-14 16:15:00,ORLEANS,29.9547,-90.0806,Orleans,orleans,Loyola University New Orleans (Uptown/Audubon),loyola,29.93707,-90.119921,2.651,427,101.4,0.88,0.0,3,0,0.87,0.87,0.87,0.88,0.88
1279228,2025-06-14 16:15:00,ORLEANS,29.9547,-90.0806,Orleans,orleans,NOFD Logistics (Navarre),logistics,29.98614,-90.10934,2.771,435,103.3,0.02,0.01,1,0,0.01,0.01,0.01,0.02,0.02
1279228,2025-06-14 16:15:00,ORLEANS,29.9547,-90.0806,Orleans,orleans,NORDC Morris F.X. Jeff Sr. Park (Algiers),algiers,29.942018,-90.029914,3.158,430,102.1,0.73,2.62,3,0,0.45,0.45,0.45,0.46,0.46
1279228,2025-06-14 16:15:00,ORLEANS,29.9547,-90.0806,Orleans,orleans,NOPD Stables (City Park),citypark,29.99789,-90.09909,3.183,420,99.8,0.01,0.0,2,0,0.01,0.01,0.01,0.01,0.01
1279228,2025-06-14 16:15:00,ORLEANS,29.9547,-90.0806,Orleans,orleans,SWBNO East Bank Water Intake (Carrollton Bend),carrolltonbend,29.95334,-90.13797,3.436,420,99.8,0.01,0.0,2,0,0.01,0.01,0.01,0.01,0.01
1279228,2025-06-14 16:15:00,ORLEANS,29.9547,-90.0806,Orleans,orleans,Port NOLA Maintenance (Uptown/West Riverside),portnolamaintenance,29.91497,-90.11513,3.437,421,100.0,0.71,0.0,3,0,0.65,0.65,0.65,0.71,0.71
1279228,2025-06-14 16:15:00,ORLEANS,29.9547,-90.0806,Orleans,orleans,City Equipment Maintenance (Desire),desire,29.99984,-90.03224,4.255,420,99.8,1.52,0.0,2,0,1.52,1.52,1.52,1.52,1.52
1279228,2025-06-14 16:15:00,ORLEANS,29.9547,-90.0806,Orleans,orleans,NOFD Engine 12 (Gentilly/Milneburg),gentilly,30.01627,-90.05171,4.592,420,99.8,1.55,0.7,2,0,1.5,1.5,1.5,1.5,1.5
1279223,2025-06-14 16:05:00,ST. CHARLES,29.96,-90.37,St. Charles,stcharles,St. Charles Parish EOC,stcharleseoc,29.964178,-90.403987,2.055,399,94.8,0.27,1.05,3,0,0.18,0.18,0.18,0.18,0.2
1279229,2025-06-14 16:15:00,ORLEANS,29.96,-90.06,Orleans,orleans,NOFD Rescue Squad 7 (Treme),treme,29.962679,-90.071544,0.715,0,,,,0,0,,,,,
1279229,2025-06-14 16:15:00,ORLEANS,29.96,-90.06,Orleans,orleans,New Orleans City Hall (Central Business District),cityhallcbd,29.95221,-90.07675,1.138,420,99.8,0.99,0.0,3,0,0.98,0.98,0.98,0.99,0.99
1279229,2025-06-14 16:15:00,ORLEANS,29.96,-90.06,Orleans,orleans,NOFD Engine 27 (Seventh Ward/St. Roch),seventhward,29.9796,-90.0585,1.357,420,99.8,1.45,0.0,2,0,1.45,1.45,1.45,1.45,1.45
1279229,2025-06-14 16:15:00,ORLEANS,29.96,-90.06,Orleans,orleans,Port NOLA Administration (Warehouse District/Riverwalk),portnolaadmin,29.9369,-90.06206,1.601,437,103.8,0.52,0.0,3,0,0.45,0.45,0.45,0.45,0.52
1279229,2025-06-14 16:15:00,ORLEANS,29.96,-90.06,Orleans,orleans,NOFD Engine 16 (Central City),centralcity,29.94159,-90.08053,1.769,420,99.8,1.04,0.0,3,0,1.03,1.03,1.03,1.03,1.04
1279229,2025-06-14 16:15:00,ORLEANS,29.96,-90.06,Orleans,orleans,Regional Transit Authority (Mid City),midcity,29.9672,-90.08893,1.802,0,,,,0,0,,,,,
1279229,2025-06-14 16:15:00,ORLEANS,29.96,-90.06,Orleans,orleans,Fairgrounds Race Course (Fairgrounds),fairgrounds,29.982384,-90.079372,1.933,420,99.8,0.97,0.0,2,0,0.97,0.97,0.97,0.97,0.97
1279229,2025-06-14 16:15:00,ORLEANS,29.96,-90.06,Orleans,orleans,NORDC Morris F.X. Jeff Sr. Park (Algiers),algiers,29.942018,-90.029914,2.188,430,102.1,0.73,2.62,3,0,0.45,0.45,0.45,0.46,0.46
1279229,2025-06-14 16:15:00,ORLEANS,29.96,-90.06,Orleans,orleans,Harbor Police Headquarters (Irish Channel),portnolapd,29.92069,-90.076342,2.887,0,,,,0,0,,,,,
1279229,2025-06-14 16:15:00,ORLEANS,29.96,-90.06,Orleans,orleans,City Equipment Maintenance (Desire),desire,29.99984,-90.03224,3.215,420,99.8,1.52,0.0,2,0,1.52,1.52,1.52,1.52,1.52
1279229,2025-06-14 16:15:00,ORLEANS,29.96,-90.06,Orleans,orleans,NOFD Logistics (Navarre),logistics,29.98614,-90.10934,3.462,435,103.3,0.02,0.01,1,0,0.01,0.01,0.01,0.02,0.02
1279229,2025-06-14 16:15:00,ORLEANS,29.96,-90.06,Orleans,orleans,NOPD Stables (City Park),citypark,29.99789,-90.09909,3.511,420,99.8,0.01,0.0,2,0,0.01,0.01,0.01,0.01,0.01
1279229,2025-06-14 16:15:00,ORLEANS,29.96,-90.06,Orleans,orleans,SWBNO East Bank Water Treatment (Lower 9th Ward),lowerninthward,29.97714,-89.99761,3.918,417,99.0,0.92,6.55,2,0,0.38,0.49,0.49,0.61,0.69
1279229,2025-06-14 16:15:00,ORLEANS,29.96,-90.06,Orleans,orleans,NOFD Engine 12 (Gentilly/Milneburg),gentilly,30.01627,-90.05171,3.919,420,99.8,1.55,0.7,2,0,1.5,1.5,1.5,1.5,1.5
1279229,2025-06-14 16:15:00,ORLEANS,29.96,-90.06,Orleans,orleans,Loyola University New Orleans (Uptown/Audubon),loyola,29.93707,-90.119921,3.922,427,101.4,0.88,0.0,3,0,0.87,0.87,0.87,0.88,0.88
1279229,2025-06-14 16:15:00,ORLEANS,29.96,-90.06,Orleans,orleans,Port NOLA Maintenance (Uptown/West Riverside),portnolamaintenance,29.91497,-90.11513,4.536,421,100.0,0.71,0.0,3,0,0.65,0.65,0.65,0.71,0.71
1279229,2025-06-14 16:15:00,ORLEANS,29.96,-90.06,Orleans,orleans,NORDC Norman Playground (Old Aurora),oldaurora,29.919922,-89.998203,4.621,450,106.9,0.4,1.18,4,0,0.16,0.16,0.16,0.27,0.33
1279229,2025-06-14 16:15:00,ORLEANS,29.96,-90.06,Orleans,orleans,SWBNO East Bank Water Intake (Carrollton Bend),carrolltonbend,29.95334,-90.13797,4.69,420,99.8,0.01,0.0,2,0,0.01,0.01,0.01,0.01,0.01
1279229,2025-06-14 16:15:00,ORLEANS,29.96,-90.06,Orleans,orleans,NOFD Engine 4 (Pines Village),pinesvillage,30.0228,-90.02382,4.849,420,99.8,1.22,0.14,2,0,1.2,1.2,1.2,1.2,1.21
1279256,2025-06-14 16:15:00,ORLEANS,29.96,-90.08,Orleans,orleans,NOFD Rescue Squad 7 (Treme),treme,29.962679,-90.071544,0.539,0,,,,0,0,,,,,
1279256,2025-06-14 16:15:00,ORLEANS,29.96,-90.08,Orleans,orleans,New Orleans City Hall (Central Business District),cityhallcbd,29.95221,-90.07675,0.572,420,99.8,0.99,0.0,3,0,0.98,0.98,0.98,0.99,0.99
1279256,2025-06-14 16:15:00,ORLEANS,29.96,-90.08,Orleans,orleans,Regional Transit Authority (Mid City),midcity,29.9672,-90.08893,0.73,0,,,,0,0,,,,,
1279256,2025-06-14 16:15:00,ORLEANS,29.96,-90.08,Orleans,orleans,NOFD Engine 16 (Central City),centralcity,29.94159,-90.08053,1.272,420,99.8,1.04,0.0,3,0,1.03,1.03,1.03,1.03,1.04
1279256,2025-06-14 16:15:00,ORLEANS,29.96,-90.08,Orleans,orleans,Fairgrounds Race Course (Fairgrounds),fairgrounds,29.982384,-90.079372,1.547,420,99.8,0.97,0.0,2,0,0.97,0.97,0.97,0.97,0.97
1279256,2025-06-14 16:15:00,ORLEANS,29.96,-90.08,Orleans,orleans,NOFD Engine 27 (Seventh Ward/St. Roch),seventhward,29.9796,-90.0585,1.868,420,99.8,1.45,0.0,2,0,1.45,1.45,1.45,1.45,1.45
1279256,2025-06-14 16:15:00,ORLEANS,29.96,-90.08,Orleans,orleans,Port NOLA Administration (Warehouse District/Riverwalk),portnolaadmin,29.9369,-90.06206,1.924,437,103.8,0.52,0.0,3,0,0.45,0.45,0.45,0.45,0.52
1279256,2025-06-14 16:15:00,ORLEANS,29.96,-90.08,Orleans,orleans,NOFD Logistics (Navarre),logistics,29.98614,-90.10934,2.519,435,103.3,0.02,0.01,1,0,0.01,0.01,0.01,0.02,0.02
1279256,2025-06-14 16:15:00,ORLEANS,29.96,-90.08,Orleans,orleans,Harbor Police Headquarters (Irish Channel),portnolapd,29.92069,-90.076342,2.725,0,,,,0,0,,,,,
1279256,2025-06-14 16:15:00,ORLEANS,29.96,-90.08,Orleans,orleans,NOPD Stables (City Park),citypark,29.99789,-90.09909,2.856,420,99.8,0.01,0.0,2,0,0.01,0.01,0.01,0.01,0.01
1279256,2025-06-14 16:15:00,ORLEANS,29.96,-90.08,Orleans,orleans,Loyola University New Orleans (Uptown/Audubon),loyola,29.93707,-90.119921,2.867,427,101.4,0.88,0.0,3,0,0.87,0.87,0.87,0.88,0.88
1279256,2025-06-14 16:15:00,ORLEANS,29.96,-90.08,Orleans,orleans,NORDC Morris F.X. Jeff Sr. Park (Algiers),algiers,29.942018,-90.029914,3.246,430,102.1,0.73,2.62,3,0,0.45,0.45,0.45,0.46,0.46
1279256,2025-06-14 16:15:00,ORLEANS,29.96,-90.08,Orleans,orleans,SWBNO East Bank Water Intake (Carrollton Bend),carrolltonbend,29.95334,-90.13797,3.501,420,99.8,0.01,0.0,2,0,0.01,0.01,0.01,0.01,0.01
1279256,2025-06-14 16:15:00,ORLEANS,29.96,-90.08,Orleans,orleans,Port NOLA Maintenance (Uptown/West Riverside),portnolamaintenance,29.91497,-90.11513,3.756,421,100.0,0.71,0.0,3,0,0.65,0.65,0.65,0.71,0.71
1279256,2025-06-14 16:15:00,ORLEANS,29.96,-90.08,Orleans,orleans,City Equipment Maintenance (Desire),desire,29.99984,-90.03224,3.968,420,99.8,1.52,0.0,2,0,1.52,1.52,1.52,1.52,1.52
1279256,2025-06-14 16:15:00,ORLEANS,29.96,-90.08,Orleans,orleans,NOFD Engine 12 (Gentilly/Milneburg),gentilly,30.01627,-90.05171,4.241,420,99.8,1.55,0.7,2,0,1.5,1.5,1.5,1.5,1.5
1279258,2025-06-14 16:15:00,ORLEANS,29.97,-90.08,Orleans,orleans,Regional Transit Authority (Mid City),midcity,29.9672,-90.08893,0.568,0,,,,0,0,,,,,
1279258,2025-06-14 16:15:00,ORLEANS,29.97,-90.08,Orleans,orleans,NOFD Rescue Squad 7 (Treme),treme,29.962679,-90.071544,0.716,0,,,,0,0,,,,,
1279258,2025-06-14 16:15:00,ORLEANS,29.97,-90.08,Orleans,orleans,Fairgrounds Race Course (Fairgrounds),fairgrounds,29.982384,-90.079372,0.856,420,99.8,0.97,0.0,2,0,0.97,0.97,0.97,0.97,0.97
1279258,2025-06-14 16:15:00,ORLEANS,29.97,-90.08,Orleans,orleans,New Orleans City Hall (Central Business District),cityhallcbd,29.95221,-90.07675,1.244,420,99.8,0.99,0.0,3,0,0.98,0.98,0.98,0.99,0.99
1279258,2025-06-14 16:15:00,ORLEANS,29.97,-90.08,Orleans,orleans,NOFD Engine 27 (Seventh Ward/St. Roch),seventhward,29.9796,-90.0585,1.448,420,99.8,1.45,0.0,2,0,1.45,1.45,1.45,1.45,1.45
1279258,2025-06-14 16:15:00,ORLEANS,29.97,-90.08,Orleans,orleans,NOFD Engine 16 (Central City),centralcity,29.94159,-90.08053,1.963,420,99.8,1.04,0.0,3,0,1.03,1.03,1.03,1.03,1.04
1279258,2025-06-14 16:15:00,ORLEANS,29.97,-90.08,Orleans,orleans,NOFD Logistics (Navarre),logistics,29.98614,-90.10934,2.08,435,103.3,0.02,0.01,1,0,0.01,0.01,0.01,0.02,0.02
1279258,2025-06-14 16:15:00,ORLEANS,29.97,-90.08,Orleans,orleans,NOPD Stables (City Park),citypark,29.99789,-90.09909,2.24,420,99.8,0.01,0.0,2,0,0.01,0.01,0.01,0.01,0.01
1279258,2025-06-14 16:15:00,ORLEANS,29.97,-90.08,Orleans,orleans,Port NOLA Administration (Warehouse District/Riverwalk),portnolaadmin,29.9369,-90.06206,2.527,437,103.8,0.52,0.0,3,0,0.45,0.45,0.45,0.45,0.52
1279258,2025-06-14 16:15:00,ORLEANS,29.97,-90.08,Orleans,orleans,Loyola University New Orleans (Uptown/Audubon),loyola,29.93707,-90.119921,3.3,427,101.4,0.88,0.0,3,0,0.87,0.87,0.87,0.88,0.88
1279258,2025-06-14 16:15:00,ORLEANS,29.97,-90.08,Orleans,orleans,Harbor Police Headquarters (Irish Channel),portnolapd,29.92069,-90.076342,3.414,0,,,,0,0,,,,,
1279258,2025-06-14 16:15:00,ORLEANS,29.97,-90.08,Orleans,orleans,City Equipment Maintenance (Desire),desire,29.99984,-90.03224,3.524,420,99.8,1.52,0.0,2,0,1.52,1.52,1.52,1.52,1.52
1279258,2025-06-14 16:15:00,ORLEANS,29.97,-90.08,Orleans,orleans,NORDC Morris F.X. Jeff Sr. Park (Algiers),algiers,29.942018,-90.029914,3.568,430,102.1,0.73,2.62,3,0,0.45,0.45,0.45,0.46,0.46
1279258,2025-06-14 16:15:00,ORLEANS,29.97,-90.08,Orleans,orleans,NOFD Engine 12 (Gentilly/Milneburg),gentilly,30.01627,-90.05171,3.618,420,99.8,1.55,0.7,2,0,1.5,1.5,1.5,1.5,1.5
1279258,2025-06-14 16:15:00,ORLEANS,29.97,-90.08,Orleans,orleans,SWBNO East Bank Water Intake (Carrollton Bend),carrolltonbend,29.95334,-90.13797,3.656,420,99.8,0.01,0.0,2,0,0.01,0.01,0.01,0.01,0.01
1279258,2025-06-14 16:15:00,ORLEANS,29.97,-90.08,Orleans,orleans,Port NOLA Maintenance (Uptown/West Riverside),portnolamaintenance,29.91497,-90.11513,4.345,421,100.0,0.71,0.0,3,0,0.65,0.65,0.65,0.71,0.71
1279258,2025-06-14 16:15:00,ORLEANS,29.97,-90.08,Orleans,orleans,Municipal Yacht Harbor (Lakefront),lakefront,30.028359,-90.115627,4.561,421,100.0,0.11,0.43,2,0,0.04,0.04,0.05,0.06,0.11
1279258,2025-06-14 16:15:00,ORLEANS,29.97,-90.08,Orleans,orleans,SWBNO East Bank Water Treatment (Lower 9th Ward),lowerninthward,29.97714,-89.99761,4.956,417,99.0,0.92,6.55,2,0,0.38,0.49,0.49,0.61,0.69
1279258,2025-06-14 16:15:00,ORLEANS,29.97,-90.08,Orleans,orleans,NOFD Engine 4 (Pines Village),pinesvillage,30.0228,-90.02382,4.961,420,99.8,1.22,0.14,2,0,1.2,1.2,1.2,1.2,1.21
1279259,2025-06-14 16:15:00,ORLEANS,29.99,-90.06,Orleans,orleans,NOFD Engine 27 (Seventh Ward/St. Roch),seventhward,29.9796,-90.0585,0.724,420,99.8,1.45,0.0,2,0,1.45,1.45,1.45,1.45,1.45
1279259,2025-06-14 16:15:00,ORLEANS,29.99,-90.06,Orleans,orleans,Fairgrounds Race Course (Fairgrounds),fairgrounds,29.982384,-90.079372,1.273,420,99.8,0.97,0.0,2,0,0.97,0.97,0.97,0.97,0.97
1279259,2025-06-14 16:15:00,ORLEANS,29.99,-90.06,Orleans,orleans,City Equipment Maintenance (Desire),desire,29.99984,-90.03224,1.795,420,99.8,1.52,0.0,2,0,1.52,1.52,1.52,1.52,1.52
1279259,2025-06-14 16:15:00,ORLEANS,29.99,-90.06,Orleans,orleans,NOFD Engine 12 (Gentilly/Milneburg),gentilly,30.01627,-90.05171,1.882,420,99.8,1.55,0.7,2,0,1.5,1.5,1.5,1.5,1.5
1279259,2025-06-14 16:15:00,ORLEANS,29.99,-90.06,Orleans,orleans,NOFD Rescue Squad 7 (Treme),treme,29.962679,-90.071544,2.01,0,,,,0,0,,,,,
1279259,2025-06-14 16:15:00,ORLEANS,29.99,-90.06,Orleans,orleans,Regional Transit Authority (Mid City),midcity,29.9672,-90.08893,2.341,0,,,,0,0,,,,,
1279259,2025-06-14 16:15:00,ORLEANS,29.99,-90.06,Orleans,orleans,NOPD Stables (City Park),citypark,29.99789,-90.09909,2.402,420,99.8,0.01,0.0,2,0,0.01,0.01,0.01,0.01,0.01
1279259,2025-06-14 16:15:00,ORLEANS,29.99,-90.06,Orleans,orleans,New Orleans City Hall (Central Business District),cityhallcbd,29.95221,-90.07675,2.797,420,99.8,0.99,0.0,3,0,0.98,0.98,0.98,0.99,0.99
1279259,2025-06-14 16:15:00,ORLEANS,29.99,-90.06,Orleans,orleans,NOFD Logistics (Navarre),logistics,29.98614,-90.10934,2.965,435,103.3,0.02,0.01,1,0,0.01,0.01,0.01,0.02,0.02
1279259,2025-06-14 16:15:00,ORLEANS,29.99,-90.06,Orleans,orleans,NOFD Engine 4 (Pines Village),pinesvillage,30.0228,-90.02382,3.134,420,99.8,1.22,0.14,2,0,1.2,1.2,1.2,1.2,1.21
1279259,2025-06-14 16:15:00,ORLEANS,29.99,-90.06,Orleans,orleans,NOFD Engine 16 (Central City),centralcity,29.94159,-90.08053,3.563,420,99.8,1.04,0.0,3,0,1.03,1.03,1.03,1.03,1.04
1279259,2025-06-14 16:15:00,ORLEANS,29.99,-90.06,Orleans,orleans,Port NOLA Administration (Warehouse District/Riverwalk),portnolaadmin,29.9369,-90.06206,3.671,437,103.8,0.52,0.0,3,0,0.45,0.45,0.45,0.45,0.52
1279259,2025-06-14 16:15:00,ORLEANS,29.99,-90.06,Orleans,orleans,NORDC Morris F.X. Jeff Sr. Park (Algiers),algiers,29.942018,-90.029914,3.773,430,102.1,0.73,2.62,3,0,0.45,0.45,0.45,0.46,0.46
1279259,2025-06-14 16:15:00,ORLEANS,29.99,-90.06,Orleans,orleans,SWBNO East Bank Water Treatment (Lower 9th Ward),lowerninthward,29.97714,-89.99761,3.838,417,99.0,0.92,6.55,2,0,0.38,0.49,0.49,0.61,0.69
1279259,2025-06-14 16:15:00,ORLEANS,29.99,-90.06,Orleans,orleans,Municipal Yacht Harbor (Lakefront),lakefront,30.028359,-90.115627,4.255,421,100.0,0.11,0.43,2,0,0.04,0.04,0.05,0.06,0.11
1279259,2025-06-14 16:15:00,ORLEANS,29.99,-90.06,Orleans,orleans,Harbor Police Headquarters (Irish Channel),portnolapd,29.92069,-90.076342,4.888,0,,,,0,0,,,,,
1279260,2025-06-14 16:15:00,ORLEANS,30.01,-89.97,Orleans,orleans,NOFD Engine 36 (New Orleans East),neworleanseast,30.02742,-89.96873,1.206,420,99.8,0.0,0.0,0,0,0.0,0.0,0.0,0.0,0.0
1279260,2025-06-14 16:15:00,ORLEANS,30.01,-89.97,Orleans,orleans,Municipal Training Academy East (Almonaster),almonaster,30.01734,-89.927994,2.564,0,,,,0,0,,,,,
1279260,2025-06-14 16:15:00,ORLEANS,30.01,-89.97,Orleans,orleans,SWBNO East Bank Water Treatment (Lower 9th Ward),lowerninthward,29.97714,-89.99761,2.808,417,99.0,0.92,6.55,2,0,0.38,0.49,0.49,0.61,0.69
1279260,2025-06-14 16:15:00,ORLEANS,30.01,-89.97,Orleans,orleans,NOFD Engine 4 (Pines Village),pinesvillage,30.0228,-90.02382,3.339,420,99.8,1.22,0.14,2,0,1.2,1.2,1.2,1.2,1.21
1279260,2025-06-14 16:15:00,ORLEANS,30.01,-89.97,Orleans,orleans,SWBNO Pumping Station (Little Woods),littlewoods,30.058639,-89.966746,3.366,428,101.7,1.49,3.74,3,0,0.49,0.49,0.49,0.87,1.49
1279260,2025-06-14 16:15:00,ORLEANS,30.01,-89.97,Orleans,orleans,City Equipment Maintenance (Desire),desire,29.99984,-90.03224,3.79,420,99.8,1.52,0.0,2,0,1.52,1.52,1.52,1.52,1.52
1279260,2025-06-14 16:15:00,ORLEANS,30.01,-89.97,Orleans,orleans,NOFD Engine 12 (Gentilly/Milneburg),gentilly,30.01627,-90.05171,4.908,420,99.8,1.55,0.7,2,0,1.5,1.5,1.5,1.5,1.5
1279263,2025-06-14 16:15:00,ORLEANS,30.01,-90.02,Orleans,orleans,NOFD Engine 4 (Pines Village),pinesvillage,30.0228,-90.02382,0.913,420,99.8,1.22,0.14,2,0,1.2,1.2,1.2,1.2,1.21
1279263,2025-06-14 16:15:00,ORLEANS,30.01,-90.02,Orleans,orleans,City Equipment Maintenance (Desire),desire,29.99984,-90.03224,1.014,420,99.8,1.52,0.0,2,0,1.52,1.52,1.52,1.52,1.52
1279263,2025-06-14 16:15:00,ORLEANS,30.01,-90.02,Orleans,orleans,NOFD Engine 12 (Gentilly/Milneburg),gentilly,30.01627,-90.05171,1.946,420,99.8,1.55,0.7,2,0,1.5,1.5,1.5,1.5,1.5
1279263,2025-06-14 16:15:00,ORLEANS,30.01,-90.02,Orleans,orleans,SWBNO East Bank Water Treatment (Lower 9th Ward),lowerninthward,29.97714,-89.99761,2.636,417,99.0,0.92,6.55,2,0,0.38,0.49,0.49,0.61,0.69
1279263,2025-06-14 16:15:00,ORLEANS,30.01,-90.02,Orleans,orleans,NOFD Engine 27 (Seventh Ward/St. Roch),seventhward,29.9796,-90.0585,3.118,420,99.8,1.45,0.0,2,0,1.45,1.45,1.45,1.45,1.45
1279263,2025-06-14 16:15:00,ORLEANS,30.01,-90.02,Orleans,orleans,NOFD Engine 36 (New Orleans East),neworleanseast,30.02742,-89.96873,3.295,420,99.8,0.0,0.0,0,0,0.0,0.0,0.0,0.0,0.0
1279263,2025-06-14 16:15:00,ORLEANS,30.01,-90.02,Orleans,orleans,Fairgrounds Race Course (Fairgrounds),fairgrounds,29.982384,-90.079372,4.033,420,99.8,0.97,0.0,2,0,0.97,0.97,0.97,0.97,0.97
1279263,2025-06-14 16:15:00,ORLEANS,30.01,-90.02,Orleans,orleans,NOFD Rescue Squad 7 (Treme),treme,29.962679,-90.071544,4.495,0,,,,0,0,,,,,
1279263,2025-06-14 16:15:00,ORLEANS,30.01,-90.02,Orleans,orleans,SWBNO Pumping Station (Little Woods),littlewoods,30.058639,-89.966746,4.63,428,101.7,1.49,3.74,3,0,0.49,0.49,0.49,0.87,1.49
1279263,2025-06-14 16:15:00,ORLEANS,30.01,-90.02,Orleans,orleans,NORDC Morris F.X. Jeff Sr. Park (Algiers),algiers,29.942018,-90.029914,4.734,430,102.1,0.73,2.62,3,0,0.45,0.45,0.45,0.46,0.46
1279263,2025-06-14 16:15:00,ORLEANS,30.01,-90.02,Orleans,orleans,NOPD Stables (City Park),citypark,29.99789,-90.09909,4.806,420,99.8,0.01,0.0,2,0,0.01,0.01,0.01,0.01,0.01
1279264,2025-06-14 16:15:00,ORLEANS,30.01,-90.05,Orleans,orleans,NOFD Engine 12 (Gentilly/Milneburg),gentilly,30.01627,-90.05171,0.445,420,99.8,1.55,0.7,2,0,1.5,1.5,1.5,1.5,1.5
1279264,2025-06-14 16:15:00,ORLEANS,30.01,-90.05,Orleans,orleans,City Equipment Maintenance (Desire),desire,29.99984,-90.03224,1.274,420,99.8,1.52,0.0,2,0,1.52,1.52,1.52,1.52,1.52
1279264,2025-06-14 16:15:00,ORLEANS,30.01,-90.05,Orleans,orleans,NOFD Engine 4 (Pines Village),pinesvillage,30.0228,-90.02382,1.799,420,99.8,1.22,0.14,2,0,1.2,1.2,1.2,1.2,1.21
1279264,2025-06-14 16:15:00,ORLEANS,30.01,-90.05,Orleans,orleans,NOFD Engine 27 (Seventh Ward/St. Roch),seventhward,29.9796,-90.0585,2.161,420,99.8,1.45,0.0,2,0,1.45,1.45,1.45,1.45,1.45
1279264,2025-06-14 16:15:00,ORLEANS,30.01,-90.05,Orleans,orleans,Fairgrounds Race Course (Fairgrounds),fairgrounds,29.982384,-90.079372,2.594,420,99.8,0.97,0.0,2,0,0.97,0.97,0.97,0.97,0.97
1279264,2025-06-14 16:15:00,ORLEANS,30.01,-90.05,Orleans,orleans,NOPD Stables (City Park),citypark,29.99789,-90.09909,3.054,420,99.8,0.01,0.0,2,0,0.01,0.01,0.01,0.01,0.01
1279264,2025-06-14 16:15:00,ORLEANS,30.01,-90.05,Orleans,orleans,NOFD Rescue Squad 7 (Treme),treme,29.962679,-90.071544,3.515,0,,,,0,0,,,,,
1279264,2025-06-14 16:15:00,ORLEANS,30.01,-90.05,Orleans,orleans,Regional Transit Authority (Mid City),midcity,29.9672,-90.08893,3.765,0,,,,0,0,,,,,
1279264,2025-06-14 16:15:00,ORLEANS,30.01,-90.05,Orleans,orleans,SWBNO East Bank Water Treatment (Lower 9th Ward),lowerninthward,29.97714,-89.99761,3.871,417,99.0,0.92,6.55,2,0,0.38,0.49,0.49,0.61,0.69
1279264,2025-06-14 16:15:00,ORLEANS,30.01,-90.05,Orleans,orleans,NOFD Logistics (Navarre),logistics,29.98614,-90.10934,3.915,435,103.3,0.02,0.01,1,0,0.01,0.01,0.01,0.02,0.02
1279264,2025-06-14 16:15:00,ORLEANS,30.01,-90.05,Orleans,orleans,Municipal Yacht Harbor (Lakefront),lakefront,30.028359,-90.115627,4.126,421,100.0,0.11,0.43,2,0,0.04,0.04,0.05,0.06,0.11
1279264,2025-06-14 16:15:00,ORLEANS,30.01,-90.05,Orleans,orleans,New Orleans City Hall (Central Business District),cityhallcbd,29.95221,-90.07675,4.302,420,99.8,0.99,0.0,3,0,0.98,0.98,0.98,0.99,0.99
1279264,2025-06-14 16:15:00,ORLEANS,30.01,-90.05,Orleans,orleans,NORDC Morris F.X. Jeff Sr. Park (Algiers),algiers,29.942018,-90.029914,4.849,430,102.1,0.73,2.62,3,0,0.45,0.45,0.45,0.46,0.46
1279265,2025-06-14 16:15:00,ORLEANS,30.02,-90.05,Orleans,orleans,NOFD Engine 12 (Gentilly/Milneburg),gentilly,30.01627,-90.05171,0.277,420,99.8,1.55,0.7,2,0,1.5,1.5,1.5,1.5,1.5
1279265,2025-06-14 16:15:00,ORLEANS,30.02,-90.05,Orleans,orleans,NOFD Engine 4 (Pines Village),pinesvillage,30.0228,-90.02382,1.578,420,99.8,1.22,0.14,2,0,1.2,1.2,1.2,1.2,1.21
1279265,2025-06-14 16:15:00,ORLEANS,30.02,-90.05,Orleans,orleans,City Equipment Maintenance (Desire),desire,29.99984,-90.03224,1.752,420,99.8,1.52,0.0,2,0,1.52,1.52,1.52,1.52,1.52
1279265,2025-06-14 16:15:00,ORLEANS,30.02,-90.05,Orleans,orleans,NOFD Engine 27 (Seventh Ward/St. Roch),seventhward,29.9796,-90.0585,2.837,420,99.8,1.45,0.0,2,0,1.45,1.45,1.45,1.45,1.45
1279265,2025-06-14 16:15:00,ORLEANS,30.02,-90.05,Orleans,orleans,Fairgrounds Race Course (Fairgrounds),fairgrounds,29.982384,-90.079372,3.137,420,99.8,0.97,0.0,2,0,0.97,0.97,0.97,0.97,0.97
1279265,2025-06-14 16:15:00,ORLEANS,30.02,-90.05,Orleans,orleans,NOPD Stables (City Park),citypark,29.99789,-90.09909,3.311,420,99.8,0.01,0.0,2,0,0.01,0.01,0.01,0.01,0.01
1279265,2025-06-14 16:15:00,ORLEANS,30.02,-90.05,Orleans,orleans,Municipal Yacht Harbor (Lakefront),lakefront,30.028359,-90.115627,3.968,421,100.0,0.11,0.43,2,0,0.04,0.04,0.05,0.06,0.11
1279265,2025-06-14 16:15:00,ORLEANS,30.02,-90.05,Orleans,orleans,NOFD Rescue Squad 7 (Treme),treme,29.962679,-90.071544,4.165,0,,,,0,0,,,,,
1279265,2025-06-14 16:15:00,ORLEANS,30.02,-90.05,Orleans,orleans,NOFD Logistics (Navarre),logistics,29.98614,-90.10934,4.252,435,103.3,0.02,0.01,1,0,0.01,0.01,0.01,0.02,0.02
1279265,2025-06-14 16:15:00,ORLEANS,30.02,-90.05,Orleans,orleans,SWBNO East Bank Water Treatment (Lower 9th Ward),lowerninthward,29.97714,-89.99761,4.312,417,99.0,0.92,6.55,2,0,0.38,0.49,0.49,0.61,0.69
1279265,2025-06-14 16:15:00,ORLEANS,30.02,-90.05,Orleans,orleans,Regional Transit Authority (Mid City),midcity,29.9672,-90.08893,4.328,0,,,,0,0,,,,,
1279265,2025-06-14 16:15:00,ORLEANS,30.02,-90.05,Orleans,orleans,NOFD Engine 36 (New Orleans East),neworleanseast,30.02742,-89.96873,4.889,420,99.8,0.0,0.0,0,0,0.0,0.0,0.0,0.0,0.0
1279265,2025-06-14 16:15:00,ORLEANS,30.02,-90.05,Orleans,orleans,New Orleans City Hall (Central Business District),cityhallcbd,29.95221,-90.07675,4.95,420,99.8,0.99,0.0,3,0,0.98,0.98,0.98,0.99,0.99
1286878,2025-07-07 14:30:00,ORLEANS,29.94,-90.03,Orleans,orleans,NORDC Morris F.X. Jeff Sr. Park (Algiers),algiers,29.942018,-90.029914,0.14,823,195.5,2.91,9.93,0,0,0.47,1.18,1.42,1.5,2.91
1286878,2025-07-07 14:30:00,ORLEANS,29.94,-90.03,Orleans,orleans,Port NOLA Administration (Warehouse District/Riverwalk),portnolaadmin,29.9369,-90.06206,1.931,829,196.9,0.1,0.96,0,0,0.04,0.04,0.06,0.06,0.1
1286878,2025-07-07 14:30:00,ORLEANS,29.94,-90.03,Orleans,orleans,NORDC Norman Playground (Old Aurora),oldaurora,29.919922,-89.998203,2.356,0,,,,0,0,,,,,
1286878,2025-07-07 14:30:00,ORLEANS,29.94,-90.03,Orleans,orleans,New Orleans City Hall (Central Business District),cityhallcbd,29.95221,-90.07675,2.923,420,99.8,0.47,1.0,1,0,0.27,0.27,0.27,0.35,0.47
1286878,2025-07-07 14:30:00,ORLEANS,29.94,-90.03,Orleans,orleans,NOFD Rescue Squad 7 (Treme),treme,29.962679,-90.071544,2.94,0,,,,0,0,,,,,
1286878,2025-07-07 14:30:00,ORLEANS,29.94,-90.03,Orleans,orleans,NOFD Engine 16 (Central City),centralcity,29.94159,-90.08053,3.027,420,99.8,0.2,0.14,2,0,0.08,0.1,0.11,0.12,0.2
1286878,2025-07-07 14:30:00,ORLEANS,29.94,-90.03,Orleans,orleans,Harbor Police Headquarters (Irish Channel),portnolapd,29.92069,-90.076342,3.079,421,100.0,0.0,0.0,0,0,0.0,0.0,0.0,0.0,0.0
1286878,2025-07-07 14:30:00,ORLEANS,29.94,-90.03,Orleans,orleans,SWBNO East Bank Water Treatment (Lower 9th Ward),lowerninthward,29.97714,-89.99761,3.216,420,99.8,1.47,9.6,0,0,0.47,0.95,1.31,1.37,1.47
1286878,2025-07-07 14:30:00,ORLEANS,29.94,-90.03,Orleans,orleans,NOFD Engine 27 (Seventh Ward/St. Roch),seventhward,29.9796,-90.0585,3.224,420,99.8,1.67,7.38,1,0,0.55,0.87,1.37,1.67,1.67
1286878,2025-07-07 14:30:00,ORLEANS,29.94,-90.03,Orleans,orleans,Regional Transit Authority (Mid City),midcity,29.9672,-90.08893,3.997,0,,,,0,0,,,,,
1286878,2025-07-07 14:30:00,ORLEANS,29.94,-90.03,Orleans,orleans,City Equipment Maintenance (Desire),desire,29.99984,-90.03224,4.137,420,99.8,1.01,7.38,0,0,0.45,0.81,0.98,1.01,1.01
1286878,2025-07-07 14:30:00,ORLEANS,29.94,-90.03,Orleans,orleans,Fairgrounds Race Course (Fairgrounds),fairgrounds,29.982384,-90.079372,4.161,420,99.8,1.12,6.19,1,0,0.36,0.77,0.95,1.11,1.12
1286878,2025-07-07 14:30:00,ORLEANS,29.94,-90.03,Orleans,orleans,SWBNO West Bank Water Treatment (English Turn),englishturn,29.907042,-89.966192,4.448,420,99.8,0.17,1.63,0,0,0.08,0.14,0.17,0.17,0.17
1286881,2025-07-12 15:15:00,ORLEANS,29.94,-90.07,Orleans,orleans,Port NOLA Administration (Warehouse District/Riverwalk),portnolaadmin,29.9369,-90.06206,0.521,836,198.6,0.3,2.28,1,0,0.09,0.14,0.17,0.26,0.3
1286881,2025-07-12 15:15:00,ORLEANS,29.94,-90.07,Orleans,orleans,NOFD Engine 16 (Central City),centralcity,29.94159,-90.08053,0.64,420,99.8,0.86,3.45,1,0,0.18,0.39,0.52,0.66,0.86
1286881,2025-07-12 15:15:00,ORLEANS,29.94,-90.07,Orleans,orleans,New Orleans City Hall (Central Business District),cityhallcbd,29.95221,-90.07675,0.935,420,99.8,0.65,3.11,1,0,0.18,0.37,0.5,0.6,0.65
1286881,2025-07-12 15:15:00,ORLEANS,29.94,-90.07,Orleans,orleans,Harbor Police Headquarters (Irish Channel),portnolapd,29.92069,-90.076342,1.387,421,100.0,0.0,0.0,0,0,0.0,0.0,0.0,0.0,0.0
1286881,2025-07-12 15:15:00,ORLEANS,29.94,-90.07,Orleans,orleans,NOFD Rescue Squad 7 (Treme),treme,29.962679,-90.071544,1.57,0,,,,0,0,,,,,
1286881,2025-07-12 15:15:00,ORLEANS,29.94,-90.07,Orleans,orleans,Regional Transit Authority (Mid City),midcity,29.9672,-90.08893,2.195,0,,,,0,0,,,,,
1286881,2025-07-12 15:15:00,ORLEANS,29.94,-90.07,Orleans,orleans,NORDC Morris F.X. Jeff Sr. Park (Algiers),algiers,29.942018,-90.029914,2.404,838,199.0,3.71,8.23,2,0,0.41,1.0,1.48,2.67,3.63
1286881,2025-07-12 15:15:00,ORLEANS,29.94,-90.07,Orleans,orleans,NOFD Engine 27 (Seventh Ward/St. Roch),seventhward,29.9796,-90.0585,2.821,420,99.8,0.02,0.16,1,0,0.02,0.02,0.02,0.02,0.02
1286881,2025-07-12 15:15:00,ORLEANS,29.94,-90.07,Orleans,orleans,Fairgrounds Race Course (Fairgrounds),fairgrounds,29.982384,-90.079372,2.982,420,99.8,0.05,0.16,2,0,0.03,0.03,0.03,0.03,0.05
1286881,2025-07-12 15:15:00,ORLEANS,29.94,-90.07,Orleans,orleans,Loyola University New Orleans (Uptown/Audubon),loyola,29.93707,-90.119921,2.996,420,99.8,0.01,0.0,2,0,0.01,0.01,0.01,0.01,0.01
1286881,2025-07-12 15:15:00,ORLEANS,29.94,-90.07,Orleans,orleans,Port NOLA Maintenance (Uptown/West Riverside),portnolamaintenance,29.91497,-90.11513,3.208,420,99.8,0.1,3.89,0,0,0.1,0.1,0.1,0.1,0.1
1286881,2025-07-12 15:15:00,ORLEANS,29.94,-90.07,Orleans,orleans,NOFD Logistics (Navarre),logistics,29.98614,-90.10934,3.963,836,198.6,0.22,0.0,2,0,0.22,0.22,0.22,0.22,0.22
1286881,2025-07-12 15:15:00,ORLEANS,29.94,-90.07,Orleans,orleans,SWBNO East Bank Water Intake (Carrollton Bend),carrolltonbend,29.95334,-90.13797,4.172,420,99.8,0.95,0.0,2,0,0.95,0.95,0.95,0.95,0.95
1286881,2025-07-12 15:15:00,ORLEANS,29.94,-90.07,Orleans,orleans,NOPD Stables (City Park),citypark,29.99789,-90.09909,4.362,420,99.8,0.01,0.0,2,0,0.01,0.01,0.01,0.01,0.01
1286881,2025-07-12 15:15:00,ORLEANS,29.94,-90.07,Orleans,orleans,NORDC Norman Playground (Old Aurora),oldaurora,29.919922,-89.998203,4.517,0,,,,0,0,,,,,
1286881,2025-07-12 15:15:00,ORLEANS,29.94,-90.07,Orleans,orleans,City Equipment Maintenance (Desire),desire,29.99984,-90.03224,4.712,420,99.8,0.46,3.84,1,0,0.21,0.21,0.21,0.21,0.42
1286880,2025-07-12 15:05:00,ORLEANS,29.9544,-90.0692,Orleans,orleans,New Orleans City Hall (Central Business District),cityhallcbd,29.95221,-90.07675,0.477,420,99.8,0.53,3.11,1,0,0.18,0.37,0.4,0.53,0.53
1286880,2025-07-12 15:05:00,ORLEANS,29.9544,-90.0692,Orleans,orleans,NOFD Rescue Squad 7 (Treme),treme,29.962679,-90.071544,0.589,0,,,,0,0,,,,,
1286880,2025-07-12 15:05:00,ORLEANS,29.9544,-90.0692,Orleans,orleans,NOFD Engine 16 (Central City),centralcity,29.94159,-90.08053,1.115,420,99.8,0.77,3.45,1,0,0.18,0.39,0.46,0.66,0.77
1286880,2025-07-12 15:05:00,ORLEANS,29.9544,-90.0692,Orleans,orleans,Port NOLA Administration (Warehouse District/Riverwalk),portnolaadmin,29.9369,-90.06206,1.282,836,198.6,0.3,2.28,1,0,0.09,0.14,0.17,0.26,0.3
1286880,2025-07-12 15:05:00,ORLEANS,29.9544,-90.0692,Orleans,orleans,Regional Transit Authority (Mid City),midcity,29.9672,-90.08893,1.475,0,,,,0,0,,,,,
1286880,2025-07-12 15:05:00,ORLEANS,29.9544,-90.0692,Orleans,orleans,NOFD Engine 27 (Seventh Ward/St. Roch),seventhward,29.9796,-90.0585,1.855,420,99.8,0.01,0.01,1,0,0.01,0.01,0.01,0.01,0.01
1286880,2025-07-12 15:05:00,ORLEANS,29.9544,-90.0692,Orleans,orleans,Fairgrounds Race Course (Fairgrounds),fairgrounds,29.982384,-90.079372,2.027,420,99.8,0.04,0.01,2,0,0.03,0.03,0.03,0.03,0.04
1286880,2025-07-12 15:05:00,ORLEANS,29.9544,-90.0692,Orleans,orleans,Harbor Police Headquarters (Irish Channel),portnolapd,29.92069,-90.076342,2.368,421,100.0,0.0,0.0,0,0,0.0,0.0,0.0,0.0,0.0
1286880,2025-07-12 15:05:00,ORLEANS,29.9544,-90.0692,Orleans,orleans,NORDC Morris F.X. Jeff Sr. Park (Algiers),algiers,29.942018,-90.029914,2.503,838,199.0,3.25,8.23,2,0,0.41,1.0,1.48,2.52,3.17
1286880,2025-07-12 15:05:00,ORLEANS,29.9544,-90.0692,Orleans,orleans,NOFD Logistics (Navarre),logistics,29.98614,-90.10934,3.253,836,198.6,0.22,0.0,2,0,0.22,0.22,0.22,0.22,0.22
1286880,2025-07-12 15:05:00,ORLEANS,29.9544,-90.0692,Orleans,orleans,Loyola University New Orleans (Uptown/Audubon),loyola,29.93707,-90.119921,3.264,420,99.8,0.01,0.0,2,0,0.01,0.01,0.01,0.01,0.01
1286880,2025-07-12 15:05:00,ORLEANS,29.9544,-90.0692,Orleans,orleans,NOPD Stables (City Park),citypark,29.99789,-90.09909,3.497,420,99.8,0.01,0.0,2,0,0.01,0.01,0.01,0.01,0.01
1286880,2025-07-12 15:05:00,ORLEANS,29.9544,-90.0692,Orleans,orleans,City Equipment Maintenance (Desire),desire,29.99984,-90.03224,3.841,420,99.8,0.45,3.84,1,0,0.21,0.21,0.21,0.21,0.42
1286880,2025-07-12 15:05:00,ORLEANS,29.9544,-90.0692,Orleans,orleans,Port NOLA Maintenance (Uptown/West Riverside),portnolamaintenance,29.91497,-90.11513,3.871,420,99.8,0.0,0.0,0,0,0.0,0.0,0.0,0.0,0.0
1286880,2025-07-12 15:05:00,ORLEANS,29.9544,-90.0692,Orleans,orleans,SWBNO East Bank Water Intake (Carrollton Bend),carrolltonbend,29.95334,-90.13797,4.118,420,99.8,0.95,0.0,2,0,0.95,0.95,0.95,0.95,0.95
1286880,2025-07-12 15:05:00,ORLEANS,29.9544,-90.0692,Orleans,orleans,NOFD Engine 12 (Gentilly/Milneburg),gentilly,30.01627,-90.05171,4.401,420,99.8,0.01,0.0,2,0,0.01,0.01,0.01,0.01,0.01
1286880,2025-07-12 15:05:00,ORLEANS,29.9544,-90.0692,Orleans,orleans,SWBNO East Bank Water Treatment (Lower 9th Ward),lowerninthward,29.97714,-89.99761,4.564,420,99.8,0.39,1.22,2,0,0.07,0.16,0.27,0.3,0.36
1286880,2025-07-12 15:05:00,ORLEANS,29.9544,-90.0692,Orleans,orleans,NORDC Norman Playground (Old Aurora),oldaurora,29.919922,-89.998203,4.873,0,,,,0,0,,,,,
1286882,2025-07-12 16:05:00,ORLEANS,29.96,-90.07,Orleans,orleans,NOFD Rescue Squad 7 (Treme),treme,29.962679,-90.071544,0.207,0,,,,0,0,,,,,
1286882,2025-07-12 16:05:00,ORLEANS,29.96,-90.07,Orleans,orleans,New Orleans City Hall (Central Business District),cityhallcbd,29.95221,-90.07675,0.673,420,99.8,1.73,11.29,1,0,0.52,0.92,1.04,1.34,1.73
1286882,2025-07-12 16:05:00,ORLEANS,29.96,-90.07,Orleans,orleans,Regional Transit Authority (Mid City),midcity,29.9672,-90.08893,1.238,0,,,,0,0,,,,,
1286882,2025-07-12 16:05:00,ORLEANS,29.96,-90.07,Orleans,orleans,NOFD Engine 16 (Central City),centralcity,29.94159,-90.08053,1.42,420,99.8,1.9,8.47,1,0,0.47,0.85,0.98,1.38,1.9
1286882,2025-07-12 16:05:00,ORLEANS,29.96,-90.07,Orleans,orleans,NOFD Engine 27 (Seventh Ward/St. Roch),seventhward,29.9796,-90.0585,1.519,420,99.8,0.52,4.88,1,0,0.23,0.44,0.48,0.52,0.52
1286882,2025-07-12 16:05:00,ORLEANS,29.96,-90.07,Orleans,orleans,Fairgrounds Race Course (Fairgrounds),fairgrounds,29.982384,-90.079372,1.645,420,99.8,0.1,0.42,2,0,0.03,0.05,0.06,0.07,0.1
1286882,2025-07-12 16:05:00,ORLEANS,29.96,-90.07,Orleans,orleans,Port NOLA Administration (Warehouse District/Riverwalk),portnolaadmin,29.9369,-90.06206,1.665,836,198.6,1.77,5.94,1,0,0.4,0.82,1.34,1.47,1.77
1286882,2025-07-12 16:05:00,ORLEANS,29.96,-90.07,Orleans,orleans,NORDC Morris F.X. Jeff Sr. Park (Algiers),algiers,29.942018,-90.029914,2.702,838,199.0,4.59,8.23,2,0,0.41,1.0,1.48,2.75,4.47
1286882,2025-07-12 16:05:00,ORLEANS,29.96,-90.07,Orleans,orleans,Harbor Police Headquarters (Irish Channel),portnolapd,29.92069,-90.076342,2.742,420,99.8,0.0,0.0,0,0,0.0,0.0,0.0,0.0,0.0
1286882,2025-07-12 16:05:00,ORLEANS,29.96,-90.07,Orleans,orleans,NOFD Logistics (Navarre),logistics,29.98614,-90.10934,2.968,836,198.6,0.22,0.0,2,0,0.22,0.22,0.22,0.22,0.22
1286882,2025-07-12 16:05:00,ORLEANS,29.96,-90.07,Orleans,orleans,NOPD Stables (City Park),citypark,29.99789,-90.09909,3.144,420,99.8,0.01,0.0,2,0,0.01,0.01,0.01,0.01,0.01
1286882,2025-07-12 16:05:00,ORLEANS,29.96,-90.07,Orleans,orleans,Loyola University New Orleans (Uptown/Audubon),loyola,29.93707,-90.119921,3.383,420,99.8,0.12,2.37,2,0,0.08,0.11,0.11,0.11,0.12
1286882,2025-07-12 16:05:00,ORLEANS,29.96,-90.07,Orleans,orleans,City Equipment Maintenance (Desire),desire,29.99984,-90.03224,3.562,420,99.8,0.92,3.84,1,0,0.21,0.25,0.4,0.47,0.66
1286882,2025-07-12 16:05:00,ORLEANS,29.96,-90.07,Orleans,orleans,NOFD Engine 12 (Gentilly/Milneburg),gentilly,30.01627,-90.05171,4.039,420,99.8,0.01,0.0,2,0,0.01,0.01,0.01,0.01,0.01
1286882,2025-07-12 16:05:00,ORLEANS,29.96,-90.07,Orleans,orleans,SWBNO East Bank Water Intake (Carrollton Bend),carrolltonbend,29.95334,-90.13797,4.095,420,99.8,0.95,0.0,2,0,0.95,0.95,0.95,0.95,0.95
1286882,2025-07-12 16:05:00,ORLEANS,29.96,-90.07,Orleans,orleans,Port NOLA Maintenance (Uptown/West Riverside),portnolamaintenance,29.91497,-90.11513,4.121,420,99.8,0.58,3.89,0,0,0.22,0.41,0.45,0.58,0.58
1286882,2025-07-12 16:05:00,ORLEANS,29.96,-90.07,Orleans,orleans,SWBNO East Bank Water Treatment (Lower 9th Ward),lowerninthward,29.97714,-89.99761,4.492,420,99.8,0.86,2.44,2,0,0.16,0.34,0.4,0.59,0.79
1286885,2025-07-17 17:15:00,ST. CHARLES,29.93,-90.37,St. Charles,stcharles,St. Charles Parish EOC,stcharleseoc,29.964178,-90.403987,3.117,394,93.6,1.65,3.67,0,0,0.24,0.6,1.0,1.46,1.65
1286885,2025-07-17 17:15:00,ST. CHARLES,29.93,-90.37,St. Charles,stcharles,Willowridge Pump Station Luling,luling,29.88536,-90.344,3.455,420,99.8,0.24,0.01,2,0,0.1,0.1,0.11,0.11,0.13
1286884,2025-07-17 17:04:00,ST. CHARLES,29.97,-90.37,St. Charles,stcharles,St. Charles Parish EOC,stcharleseoc,29.964178,-90.403987,2.074,395,93.8,1.29,3.67,0,0,0.24,0.46,0.9,1.29,1.29
1286887,2025-07-17 16:45:00,ST. CHARLES,30.066,-90.4873,St. Charles,stcharles,Killona Volunteer Fire Department,killona,30.001421,-90.486359,4.462,422,100.2,0.15,0.01,2,0,0.07,0.07,0.07,0.07,0.08
1286891,2025-07-30 15:00:00,JEFFERSON,29.88,-90.03,Orleans,orleans,NORDC Norman Playground (Old Aurora),oldaurora,29.919922,-89.998203,3.352,588,139.7,0.79,4.24,0,0,0.25,0.62,0.79,0.79,0.79
1286891,2025-07-30 15:00:00,JEFFERSON,29.88,-90.03,Orleans,orleans,Harbor Police Headquarters (Irish Channel),portnolapd,29.92069,-90.076342,3.951,533,126.6,0.0,0.0,0,0,0.0,0.0,0.0,0.0,0.0
1286891,2025-07-30 15:00:00,JEFFERSON,29.88,-90.03,Orleans,orleans,SWBNO West Bank Water Treatment (English Turn),englishturn,29.907042,-89.966192,4.254,388,92.2,0.0,14.05,0,0,0.0,0.0,0.0,0.0,0.0
1286891,2025-07-30 15:00:00,JEFFERSON,29.88,-90.03,Orleans,orleans,NORDC Morris F.X. Jeff Sr. Park (Algiers),algiers,29.942018,-90.029914,4.285,433,102.9,0.0,0.0,0,0,0.0,0.0,0.0,0.0,0.0
1286891,2025-07-30 15:00:00,JEFFERSON,29.88,-90.03,Orleans,orleans,Port NOLA Administration (Warehouse District/Riverwalk),portnolaadmin,29.9369,-90.06206,4.375,571,135.6,0.08,1.02,0,0,0.05,0.08,0.08,0.08,0.08
1286892,2025-07-30 15:09:00,EAST BATON ROUGE,30.38,-91.11,East Baton Rouge,eastbatonrouge,Louisiana State University (Alex Box Stadium),alexbox,30.411238,-91.183516,4.884,616,146.3,0.0,0.0,0,0,0.0,0.0,0.0,0.0,0.0
1286892,2025-07-30 15:09:00,EAST BATON ROUGE,30.38,-91.11,East Baton Rouge,eastbatonrouge,Louisiana State University (Tiger Stadium),tigerstadium,30.411921,-91.183756,4.918,732,173.9,0.0,0.0,0,0,0.0,0.0,0.0,0.0,0.0
