event_id,event_datetime,event_parish,event_lat,event_lon,stations_checked,usable_stations,nearest_station_confidence,nearest_station_name,nearest_station_slug,nearest_station_distance_mi,nearest_records,nearest_coverage_pct,nearest_event_total_in,nearest_peak_rain_rate_inhr,nearest_max_5min_in,nearest_max_15min_in,nearest_max_30min_in,nearest_max_60min_in,nearest_max_180min_in,stations_within_1mi,max_5min_within_1mi_in,max_15min_within_1mi_in,max_30min_within_1mi_in,max_60min_within_1mi_in,max_180min_within_1mi_in,max_total_within_1mi_in,stations_within_2mi,max_5min_within_2mi_in,max_15min_within_2mi_in,max_30min_within_2mi_in,max_60min_within_2mi_in,max_180min_within_2mi_in,max_total_within_2mi_in,stations_within_5mi,max_5min_within_5mi_in,max_15min_within_5mi_in,max_30min_within_5mi_in,max_60min_within_5mi_in,max_180min_within_5mi_in,max_total_within_5mi_in
821345,2019-04-18 13:20:00,EAST BATON ROUGE,30.4347,-91.1064,0,0,poor,,,,,,,,,,,,,,,,,,,,,,,,,,,,,,,,,
815629,2019-05-09 15:30:00,EAST BATON ROUGE,30.5354,-91.1869,0,0,poor,,,,,,,,,,,,,,,,,,,,,,,,,,,,,,,,,
815635,2019-05-10 07:30:00,EAST BATON ROUGE,30.5613,-91.0231,0,0,poor,,,,,,,,,,,,,,,,,,,,,,,,,,,,,,,,,
815761,2019-05-12 00:31:00,JEFFERSON,29.8405,-90.1192,0,0,poor,,,,,,,,,,,,,,,,,,,,,,,,,,,,,,,,,
815764,2019-05-12 05:30:00,ORLEANS,29.9245,-90.069,0,0,poor,,,,,,,,,,,,,,,,,,,,,,,,,,,,,,,,,
815765,2019-05-12 06:05:00,ST. CHARLES,29.98,-90.35,0,0,poor,,,,,,,,,,,,,,,,,,,,,,,,,,,,,,,,,
815762,2019-05-12 04:37:00,ST. CHARLES,30.0,-90.42,0,0,poor,,,,,,,,,,,,,,,,,,,,,,,,,,,,,,,,,
815763,2019-05-12 05:20:00,JEFFERSON,30.0175,-90.1363,0,0,poor,,,,,,,,,,,,,,,,,,,,,,,,,,,,,,,,,
820917,2019-06-06 07:45:00,EAST BATON ROUGE,30.5649,-91.2103,0,0,poor,,,,,,,,,,,,,,,,,,,,,,,,,,,,,,,,,
846023,2019-07-10 07:48:00,JEFFERSON,29.9638,-90.2275,0,0,poor,,,,,,,,,,,,,,,,,,,,,,,,,,,,,,,,,
835355,2019-07-10 07:15:00,ORLEANS,29.9793,-90.1214,0,0,poor,,,,,,,,,,,,,,,,,,,,,,,,,,,,,,,,,
835399,2019-07-20 12:00:00,ORLEANS,29.95,-90.1,0,0,poor,,,,,,,,,,,,,,,,,,,,,,,,,,,,,,,,,
835410,2019-07-23 21:00:00,ST. CHARLES,29.9403,-90.3368,0,0,poor,,,,,,,,,,,,,,,,,,,,,,,,,,,,,,,,,
842874,2019-08-26 15:20:00,ORLEANS,29.9691,-90.1189,0,0,poor,,,,,,,,,,,,,,,,,,,,,,,,,,,,,,,,,
856814,2019-10-10 19:42:00,ST. CHARLES,29.9336,-90.3569,0,0,poor,,,,,,,,,,,,,,,,,,,,,,,,,,,,,,,,,
894568,2020-05-14 23:45:00,ST. CHARLES,29.96,-90.37,0,0,poor,,,,,,,,,,,,,,,,,,,,,,,,,,,,,,,,,
899389,2020-06-10 07:54:00,ORLEANS,30.0076,-90.0529,0,0,poor,,,,,,,,,,,,,,,,,,,,,,,,,,,,,,,,,
911870,2020-07-02 12:45:00,ST. CHARLES,29.83,-90.47,0,0,poor,,,,,,,,,,,,,,,,,,,,,,,,,,,,,,,,,
911890,2020-07-03 14:30:00,ST. CHARLES,29.83,-90.47,0,0,poor,,,,,,,,,,,,,,,,,,,,,,,,,,,,,,,,,
911902,2020-07-05 14:35:00,ST. CHARLES,29.97,-90.38,0,0,poor,,,,,,,,,,,,,,,,,,,,,,,,,,,,,,,,,
911944,2020-07-28 14:22:00,ST. CHARLES,29.97,-90.38,0,0,poor,,,,,,,,,,,,,,,,,,,,,,,,,,,,,,,,,
911951,2020-07-28 16:45:00,JEFFERSON,29.9801,-90.1486,0,0,poor,,,,,,,,,,,,,,,,,,,,,,,,,,,,,,,,,
911945,2020-07-28 16:30:00,JEFFERSON,30.0162,-90.1657,0,0,poor,,,,,,,,,,,,,,,,,,,,,,,,,,,,,,,,,
916076,2020-08-28 18:00:00,JEFFERSON,29.9183,-90.2067,0,0,poor,,,,,,,,,,,,,,,,,,,,,,,,,,,,,,,,,
916074,2020-08-28 17:39:00,JEFFERSON,29.9527,-90.2017,0,0,poor,,,,,,,,,,,,,,,,,,,,,,,,,,,,,,,,,
916075,2020-08-28 17:52:00,JEFFERSON,29.9632,-90.2058,0,0,poor,,,,,,,,,,,,,,,,,,,,,,,,,,,,,,,,,
924766,2020-10-08 23:28:00,EAST BATON ROUGE,30.5009,-91.1662,0,0,poor,,,,,,,,,,,,,,,,,,,,,,,,,,,,,,,,,
924767,2020-10-08 23:28:00,EAST BATON ROUGE,30.5114,-91.0347,0,0,poor,,,,,,,,,,,,,,,,,,,,,,,,,,,,,,,,,
924768,2020-10-09 00:16:00,EAST BATON ROUGE,30.4285,-91.154,2,2,medium,Louisiana State University (Tiger Stadium),tigerstadium,2.111,423.0,100.5,0.69,2.46,0.16,0.24,0.36,0.4,0.49,0.0,,,,,,,0.0,,,,,,,2.0,0.18,0.27,0.36,0.4,0.49,0.72
924977,2020-10-09 00:29:00,EAST BATON ROUGE,30.4509,-91.0278,0,0,poor,,,,,,,,,,,,,,,,,,,,,,,,,,,,,,,,,
924978,2020-10-09 19:27:00,EAST BATON ROUGE,30.5051,-91.0446,0,0,poor,,,,,,,,,,,,,,,,,,,,,,,,,,,,,,,,,
924769,2020-10-09 00:25:00,EAST BATON ROUGE,30.5442,-91.1976,0,0,poor,,,,,,,,,,,,,,,,,,,,,,,,,,,,,,,,,
949948,2021-03-23 13:00:00,ORLEANS,29.9841,-90.0781,0,0,poor,,,,,,,,,,,,,,,,,,,,,,,,,,,,,,,,,
953891,2021-04-08 03:32:00,JEFFERSON,29.9718,-90.2304,0,0,poor,,,,,,,,,,,,,,,,,,,,,,,,,,,,,,,,,
953892,2021-04-08 03:12:00,JEFFERSON,30.0343,-90.2557,0,0,poor,,,,,,,,,,,,,,,,,,,,,,,,,,,,,,,,,
954087,2021-04-13 13:10:00,ST. CHARLES,29.9041,-90.3954,0,0,poor,,,,,,,,,,,,,,,,,,,,,,,,,,,,,,,,,
954089,2021-04-13 13:15:00,ST. CHARLES,29.93,-90.37,0,0,poor,,,,,,,,,,,,,,,,,,,,,,,,,,,,,,,,,
954088,2021-04-13 13:10:00,ST. CHARLES,29.97,-90.38,0,0,poor,,,,,,,,,,,,,,,,,,,,,,,,,,,,,,,,,
960511,2021-05-05 07:30:00,ORLEANS,29.9964,-90.1157,0,0,poor,,,,,,,,,,,,,,,,,,,,,,,,,,,,,,,,,
960506,2021-05-10 02:20:00,ORLEANS,29.9812,-90.1221,0,0,poor,,,,,,,,,,,,,,,,,,,,,,,,,,,,,,,,,
960507,2021-05-10 02:54:00,JEFFERSON,30.0218,-90.1225,0,0,poor,,,,,,,,,,,,,,,,,,,,,,,,,,,,,,,,,
960529,2021-05-17 21:20:00,EAST BATON ROUGE,30.3617,-91.077,0,0,poor,,,,,,,,,,,,,,,,,,,,,,,,,,,,,,,,,
960533,2021-05-17 20:07:00,EAST BATON ROUGE,30.3646,-91.055,0,0,poor,,,,,,,,,,,,,,,,,,,,,,,,,,,,,,,,,
960531,2021-05-17 19:48:00,EAST BATON ROUGE,30.3778,-91.0965,0,0,poor,,,,,,,,,,,,,,,,,,,,,,,,,,,,,,,,,
960541,2021-05-17 20:10:00,EAST BATON ROUGE,30.3956,-91.027,0,0,poor,,,,,,,,,,,,,,,,,,,,,,,,,,,,,,,,,
960530,2021-05-17 19:22:00,EAST BATON ROUGE,30.4103,-91.0661,0,0,poor,,,,,,,,,,,,,,,,,,,,,,,,,,,,,,,,,
960544,2021-05-17 20:49:00,EAST BATON ROUGE,30.4149,-91.099,0,0,poor,,,,,,,,,,,,,,,,,,,,,,,,,,,,,,,,,
960532,2021-05-17 20:00:00,EAST BATON ROUGE,30.419,-91.0831,0,0,poor,,,,,,,,,,,,,,,,,,,,,,,,,,,,,,,,,
960547,2021-05-17 20:54:00,EAST BATON ROUGE,30.4408,-91.0116,0,0,poor,,,,,,,,,,,,,,,,,,,,,,,,,,,,,,,,,
960557,2021-05-18 04:50:00,ORLEANS,29.9458,-90.1356,0,0,poor,,,,,,,,,,,,,,,,,,,,,,,,,,,,,,,,,
960553,2021-05-18 02:30:00,ST. CHARLES,29.95,-90.45,0,0,poor,,,,,,,,,,,,,,,,,,,,,,,,,,,,,,,,,
960555,2021-05-18 03:37:00,ST. CHARLES,29.9537,-90.3895,0,0,poor,,,,,,,,,,,,,,,,,,,,,,,,,,,,,,,,,
960554,2021-05-18 02:30:00,ST. CHARLES,30.009,-90.427,0,0,poor,,,,,,,,,,,,,,,,,,,,,,,,,,,,,,,,,
960559,2021-05-18 05:30:00,EAST BATON ROUGE,30.4197,-91.1998,2,2,medium,Louisiana State University (Tiger Stadium),tigerstadium,1.097,765.0,181.7,1.69,12.26,0.31,0.79,1.14,1.43,1.57,0.0,,,,,,,2.0,0.34,0.88,1.3,1.66,2.06,2.28,2.0,0.34,0.88,1.3,1.66,2.06,2.28
960518,2021-05-20 11:50:00,EAST BATON ROUGE,30.3514,-91.0247,0,0,poor,,,,,,,,,,,,,,,,,,,,,,,,,,,,,,,,,
960516,2021-05-20 11:42:00,EAST BATON ROUGE,30.5226,-91.1602,0,0,poor,,,,,,,,,,,,,,,,,,,,,,,,,,,,,,,,,
960519,2021-05-20 11:51:00,EAST BATON ROUGE,30.5656,-91.0071,0,0,poor,,,,,,,,,,,,,,,,,,,,,,,,,,,,,,,,,
968099,2021-06-21 15:30:00,JEFFERSON,29.94,-90.18,0,0,poor,,,,,,,,,,,,,,,,,,,,,,,,,,,,,,,,,
968098,2021-06-21 15:15:00,JEFFERSON,29.96,-90.18,0,0,poor,,,,,,,,,,,,,,,,,,,,,,,,,,,,,,,,,
968103,2021-06-21 16:20:00,JEFFERSON,29.97,-90.14,0,0,poor,,,,,,,,,,,,,,,,,,,,,,,,,,,,,,,,,
968096,2021-06-21 14:30:00,ORLEANS,29.99,-90.1,0,0,poor,,,,,,,,,,,,,,,,,,,,,,,,,,,,,,,,,
968100,2021-06-21 15:30:00,JEFFERSON,29.99,-90.14,0,0,poor,,,,,,,,,,,,,,,,,,,,,,,,,,,,,,,,,
968101,2021-06-21 15:30:00,ORLEANS,29.99,-90.11,0,0,poor,,,,,,,,,,,,,,,,,,,,,,,,,,,,,,,,,
968097,2021-06-21 15:00:00,ORLEANS,30.0,-90.12,0,0,poor,,,,,,,,,,,,,,,,,,,,,,,,,,,,,,,,,
968102,2021-06-21 16:10:00,ORLEANS,30.01,-90.1,0,0,poor,,,,,,,,,,,,,,,,,,,,,,,,,,,,,,,,,
968134,2021-06-23 11:56:00,ORLEANS,29.93,-90.07,0,0,poor,,,,,,,,,,,,,,,,,,,,,,,,,,,,,,,,,
968136,2021-06-23 12:45:00,JEFFERSON,29.94,-90.16,0,0,poor,,,,,,,,,,,,,,,,,,,,,,,,,,,,,,,,,
968133,2021-06-23 11:50:00,JEFFERSON,29.96,-90.18,0,0,poor,,,,,,,,,,,,,,,,,,,,,,,,,,,,,,,,,
974411,2021-07-03 13:20:00,ORLEANS,29.96,-90.07,0,0,poor,,,,,,,,,,,,,,,,,,,,,,,,,,,,,,,,,
974414,2021-07-03 13:30:00,ORLEANS,29.97,-90.02,0,0,poor,,,,,,,,,,,,,,,,,,,,,,,,,,,,,,,,,
974415,2021-07-03 13:40:00,ORLEANS,29.97,-90.08,0,0,poor,,,,,,,,,,,,,,,,,,,,,,,,,,,,,,,,,
974416,2021-07-03 15:45:00,JEFFERSON,29.99,-90.24,0,0,poor,,,,,,,,,,,,,,,,,,,,,,,,,,,,,,,,,
974420,2021-07-05 03:42:00,ORLEANS,29.9,-89.99,0,0,poor,,,,,,,,,,,,,,,,,,,,,,,,,,,,,,,,,
974447,2021-07-16 12:38:00,ORLEANS,29.9943,-90.0749,0,0,poor,,,,,,,,,,,,,,,,,,,,,,,,,,,,,,,,,
974468,2021-07-27 18:25:00,EAST BATON ROUGE,30.51,-91.17,0,0,poor,,,,,,,,,,,,,,,,,,,,,,,,,,,,,,,,,
974469,2021-07-27 18:30:00,EAST BATON ROUGE,30.52,-91.18,0,0,poor,,,,,,,,,,,,,,,,,,,,,,,,,,,,,,,,,
978984,2021-08-29 22:00:00,ORLEANS,29.9398,-90.0672,0,0,poor,,,,,,,,,,,,,,,,,,,,,,,,,,,,,,,,,
978966,2021-08-29 22:00:00,JEFFERSON,29.9623,-90.1603,0,0,poor,,,,,,,,,,,,,,,,,,,,,,,,,,,,,,,,,
979002,2021-08-29 22:00:00,ST. CHARLES,30.0,-90.47,0,0,poor,,,,,,,,,,,,,,,,,,,,,,,,,,,,,,,,,
986773,2021-09-14 12:12:00,ORLEANS,30.02,-89.97,0,0,poor,,,,,,,,,,,,,,,,,,,,,,,,,,,,,,,,,
986772,2021-09-14 10:19:00,ST. CHARLES,30.03,-90.46,0,0,poor,,,,,,,,,,,,,,,,,,,,,,,,,,,,,,,,,
986771,2021-09-14 18:10:00,EAST BATON ROUGE,30.38,-91.13,2,2,low,Louisiana State University (Alex Box Stadium),alexbox,3.851,420.0,99.8,13.45,1.44,3.7,3.74,3.77,7.37,10.86,0.0,,,,,,,0.0,,,,,,,2.0,3.7,3.74,3.77,7.37,10.86,13.99
986774,2021-09-15 01:56:00,ST. CHARLES,29.93,-90.36,0,0,poor,,,,,,,,,,,,,,,,,,,,,,,,,,,,,,,,,
999676,2021-12-06 14:55:00,EAST BATON ROUGE,30.46,-91.17,2,2,low,Louisiana State University (Tiger Stadium),tigerstadium,3.422,413.0,98.1,0.42,3.29,0.18,0.31,0.37,0.42,0.42,0.0,,,,,,,0.0,,,,,,,2.0,0.18,0.31,0.37,0.42,0.42,0.42
1009733,2022-02-03 14:58:00,ORLEANS,29.9952,-90.073,0,0,poor,,,,,,,,,,,,,,,,,,,,,,,,,,,,,,,,,
1014017,2022-03-22 16:16:00,EAST BATON ROUGE,30.4274,-91.1551,2,2,medium,Louisiana State University (Tiger Stadium),tigerstadium,2.015,197.0,46.8,0.0,0.0,0.0,0.0,0.0,0.0,0.0,0.0,,,,,,,0.0,,,,,,,2.0,0.08,0.12,0.17,0.17,0.17,0.17
1021946,2022-04-13 23:14:00,ORLEANS,29.9439,-90.0792,2,2,medium,Loyola University New Orleans (Uptown/Audubon),loyola,2.483,418.0,99.3,0.0,0.0,0.0,0.0,0.0,0.0,0.0,0.0,,,,,,,0.0,,,,,,,2.0,0.0,0.0,0.0,0.0,0.0,0.0
1031174,2022-05-25 14:08:00,ORLEANS,29.9,-89.99,2,2,medium,SWBNO West Bank Water Treatment (English Turn),englishturn,1.507,454.0,107.8,0.08,1.75,0.05,0.05,0.05,0.05,0.05,0.0,,,,,,,1.0,0.05,0.05,0.05,0.05,0.05,0.08,2.0,0.05,0.05,0.05,0.05,0.05,0.08
1031168,2022-05-25 12:15:00,ST. CHARLES,30.03,-90.46,0,0,poor,,,,,,,,,,,,,,,,,,,,,,,,,,,,,,,,,
1043340,2022-06-10 11:38:00,JEFFERSON,29.95,-90.2,2,2,low,SWBNO East Bank Water Intake (Carrollton Bend),carrolltonbend,3.721,420.0,99.8,0.84,2.98,0.16,0.36,0.64,0.66,0.8,0.0,,,,,,,0.0,,,,,,,2.0,0.16,0.36,0.64,0.66,0.8,0.84
1043328,2022-06-10 11:06:00,ORLEANS,29.9842,-90.0954,9,9,high,NOFD Logistics (Navarre),logistics,0.845,424.0,100.7,0.18,3.92,0.14,0.14,0.14,0.14,0.17,2.0,0.14,0.14,0.14,0.14,0.17,0.18,2.0,0.14,0.14,0.14,0.14,0.17,0.18,9.0,0.28,0.38,0.39,0.5,0.5,0.5
1043334,2022-06-10 11:08:00,JEFFERSON,30.02,-90.23,0,0,poor,,,,,,,,,,,,,,,,,,,,,,,,,,,,,,,,,
1043337,2022-06-10 11:23:00,ORLEANS,30.02,-90.02,5,5,low,NOFD Engine 36 (New Orleans East),neworleanseast,3.11,420.0,99.8,2.39,7.48,0.41,0.77,0.96,1.11,1.46,0.0,,,,,,,0.0,,,,,,,5.0,0.41,0.77,1.06,1.38,2.53,2.95
1043324,2022-06-10 10:24:00,ORLEANS,30.0218,-90.0051,5,5,medium,NOFD Engine 36 (New Orleans East),neworleanseast,2.21,420.0,99.8,1.93,7.48,0.41,0.77,0.96,1.11,1.46,0.0,,,,,,,0.0,,,,,,,5.0,0.41,0.78,1.06,1.38,2.29,2.36
1043320,2022-06-10 10:00:00,ORLEANS,30.03,-90.07,5,5,medium,Municipal Yacht Harbor (Lakefront),lakefront,2.732,737.0,175.1,0.0,0.0,0.0,0.0,0.0,0.0,0.0,0.0,,,,,,,0.0,,,,,,,5.0,0.14,0.14,0.17,0.17,0.17,0.17
1043344,2022-06-10 12:06:00,ORLEANS,30.03,-90.06,5,5,low,NOPD Stables (City Park),citypark,3.224,421.0,100.0,2.13,4.84,0.33,0.82,1.43,1.99,2.09,0.0,,,,,,,0.0,,,,,,,5.0,0.48,1.12,1.52,2.66,2.66,2.81
1043315,2022-06-10 09:13:00,ORLEANS,30.0333,-90.049,6,6,low,NOFD Engine 27 (Seventh Ward/St. Roch),seventhward,3.754,726.0,172.4,0.02,0.01,0.01,0.01,0.01,0.01,0.02,0.0,,,,,,,0.0,,,,,,,6.0,0.41,0.77,0.96,1.11,1.46,1.6
1043533,2022-07-05 10:40:00,ORLEANS,30.0255,-90.0409,8,8,low,NOFD Engine 27 (Seventh Ward/St. Roch),seventhward,3.342,420.0,99.8,0.01,0.01,0.01,0.01,0.01,0.01,0.01,0.0,,,,,,,0.0,,,,,,,8.0,0.04,0.04,0.04,0.04,0.04,0.04
1043564,2022-07-20 16:35:00,ORLEANS,29.9682,-90.1085,8,7,medium,NOFD Logistics (Navarre),logistics,1.241,456.0,108.3,0.0,0.0,0.0,0.0,0.0,0.0,0.0,0.0,,,,,,,1.0,0.0,0.0,0.0,0.0,0.0,0.0,7.0,0.06,0.07,0.11,0.11,0.11,0.11
1043567,2022-07-22 06:00:00,EAST BATON ROUGE,30.42,-91.15,2,2,medium,Louisiana State University (Alex Box Stadium),alexbox,2.087,338.0,80.3,0.0,0.0,0.0,0.0,0.0,0.0,0.0,0.0,,,,,,,0.0,,,,,,,2.0,0.0,0.0,0.0,0.0,0.0,0.0
1043569,2022-07-22 06:30:00,EAST BATON ROUGE,30.48,-91.11,0,0,poor,,,,,,,,,,,,,,,,,,,,,,,,,,,,,,,,,
1043566,2022-07-22 05:55:00,EAST BATON ROUGE,30.52,-91.0,0,0,poor,,,,,,,,,,,,,,,,,,,,,,,,,,,,,,,,,
1043568,2022-07-22 06:01:00,EAST BATON ROUGE,30.52,-91.18,0,0,poor,,,,,,,,,,,,,,,,,,,,,,,,,,,,,,,,,
1043570,2022-07-22 06:40:00,EAST BATON ROUGE,30.5209,-91.1949,0,0,poor,,,,,,,,,,,,,,,,,,,,,,,,,,,,,,,,,
1043573,2022-07-26 13:50:00,EAST BATON ROUGE,30.52,-91.19,0,0,poor,,,,,,,,,,,,,,,,,,,,,,,,,,,,,,,,,
1043572,2022-07-26 13:30:00,EAST BATON ROUGE,30.54,-91.19,0,0,poor,,,,,,,,,,,,,,,,,,,,,,,,,,,,,,,,,
1043576,2022-07-27 14:00:00,ORLEANS,29.9172,-90.1189,8,8,high,Port NOLA Maintenance (Uptown/West Riverside),portnolamaintenance,0.273,745.0,177.0,0.03,1.58,0.03,0.03,0.03,0.03,0.03,1.0,0.03,0.03,0.03,0.03,0.03,0.03,2.0,0.03,0.03,0.03,0.03,0.03,0.03,8.0,0.2,0.25,0.27,0.27,0.3,0.3
1043577,2022-07-28 14:16:00,EAST BATON ROUGE,30.4108,-91.0677,0,0,poor,,,,,,,,,,,,,,,,,,,,,,,,,,,,,,,,,
1043578,2022-07-30 11:17:00,ORLEANS,29.97,-90.03,10,10,medium,NOFD Engine 27 (Seventh Ward/St. Roch),seventhward,1.83,453.0,107.6,0.02,0.87,0.02,0.02,0.02,0.02,0.02,0.0,,,,,,,3.0,0.02,0.02,0.02,0.02,0.02,0.02,10.0,0.27,0.32,0.32,0.32,0.32,0.32
1055137,2022-08-03 08:30:00,EAST BATON ROUGE,30.4036,-91.1803,2,2,high,Louisiana State University (Alex Box Stadium),alexbox,0.561,419.0,99.5,0.0,0.0,0.0,0.0,0.0,0.0,0.0,2.0,0.94,1.52,1.89,2.18,2.61,2.61,2.0,0.94,1.52,1.89,2.18,2.61,2.61,2.0,0.94,1.52,1.89,2.18,2.61,2.61
1055136,2022-08-03 08:20:00,EAST BATON ROUGE,30.41,-91.17,2,2,high,Louisiana State University (Alex Box Stadium),alexbox,0.81,419.0,99.5,0.0,0.0,0.0,0.0,0.0,0.0,0.0,2.0,0.94,1.52,1.72,1.92,2.35,2.35,2.0,0.94,1.52,1.72,1.92,2.35,2.35,2.0,0.94,1.52,1.72,1.92,2.35,2.35
1055138,2022-08-03 08:30:00,EAST BATON ROUGE,30.44,-91.15,2,2,medium,Louisiana State University (Tiger Stadium),tigerstadium,2.794,415.0,98.6,2.61,7.2,0.94,1.52,1.89,2.18,2.61,0.0,,,,,,,0.0,,,,,,,2.0,0.94,1.52,1.89,2.18,2.61,2.61
1055135,2022-08-03 08:01:00,EAST BATON ROUGE,30.47,-91.11,0,0,poor,,,,,,,,,,,,,,,,,,,,,,,,,,,,,,,,,
1055144,2022-08-09 13:45:00,JEFFERSON,29.95,-90.18,4,4,medium,SWBNO East Bank Water Intake (Carrollton Bend),carrolltonbend,2.527,743.0,176.5,0.47,7.11,0.43,0.46,0.46,0.47,0.47,0.0,,,,,,,0.0,,,,,,,4.0,2.14,2.14,2.17,2.64,4.23,4.23
1055142,2022-08-09 13:00:00,JEFFERSON,29.96,-90.16,6,6,medium,SWBNO East Bank Water Intake (Carrollton Bend),carrolltonbend,1.397,775.0,184.1,0.0,0.0,0.0,0.0,0.0,0.0,0.0,0.0,,,,,,,1.0,0.0,0.0,0.0,0.0,0.0,0.0,6.0,0.54,1.15,1.55,2.05,2.09,2.09
1055143,2022-08-09 13:40:00,JEFFERSON,29.98,-90.15,8,8,medium,SWBNO East Bank Water Intake (Carrollton Bend),carrolltonbend,1.978,745.0,177.0,0.07,6.0,0.06,0.06,0.06,0.07,0.07,0.0,,,,,,,1.0,0.06,0.06,0.06,0.07,0.07,0.07,8.0,2.14,2.14,2.17,2.64,4.23,4.23
1055149,2022-08-10 12:50:00,JEFFERSON,29.86,-90.07,2,2,low,Harbor Police Headquarters (Irish Channel),portnolapd,4.21,499.0,118.5,0.29,5.76,0.24,0.27,0.27,0.28,0.29,0.0,,,,,,,0.0,,,,,,,2.0,0.49,1.16,1.8,2.3,2.3,2.33
1055147,2022-08-10 12:09:00,JEFFERSON,29.9,-90.08,7,7,medium,Harbor Police Headquarters (Irish Channel),portnolapd,1.446,509.0,120.9,0.47,5.76,0.24,0.27,0.27,0.28,0.28,0.0,,,,,,,1.0,0.24,0.27,0.27,0.28,0.28,0.47,7.0,1.77,2.24,2.27,2.27,2.27,2.69
1055146,2022-08-10 11:29:00,ORLEANS,29.9191,-90.1239,8,8,high,Port NOLA Maintenance (Uptown/West Riverside),portnolamaintenance,0.598,578.0,137.3,0.75,4.88,0.2,0.34,0.63,0.75,0.75,1.0,0.2,0.34,0.63,0.75,0.75,0.75,2.0,0.2,0.34,0.63,0.75,0.75,0.75,8.0,0.38,0.74,0.88,0.89,0.89,0.89
1055203,2022-08-11 13:15:00,EAST BATON ROUGE,30.42,-91.15,2,2,medium,Louisiana State University (Alex Box Stadium),alexbox,2.087,420.0,99.8,0.0,0.0,0.0,0.0,0.0,0.0,0.0,0.0,,,,,,,0.0,,,,,,,2.0,0.06,0.1,0.11,0.11,0.11,0.11
1057934,2022-09-03 14:50:00,ORLEANS,29.92,-90.1,11,11,high,Port NOLA Maintenance (Uptown/West Riverside),portnolamaintenance,0.97,422.0,100.2,0.77,6.7,0.4,0.66,0.68,0.68,0.68,1.0,0.4,0.66,0.68,0.68,0.68,0.77,4.0,0.49,0.91,1.03,1.03,1.03,2.03,11.0,0.49,1.14,1.65,1.97,1.98,2.53
1057932,2022-09-03 14:35:00,ORLEANS,29.9202,-90.102,11,11,high,Port NOLA Maintenance (Uptown/West Riverside),portnolamaintenance,0.865,422.0,100.2,0.14,4.8,0.07,0.09,0.09,0.09,0.09,1.0,0.07,0.09,0.09,0.09,0.09,0.14,4.0,0.27,0.56,0.83,0.99,1.0,1.14,11.0,0.47,1.14,1.65,1.97,1.98,1.98
1057937,2022-09-03 14:50:00,ORLEANS,29.923,-90.0807,11,11,high,Harbor Police Headquarters (Irish Channel),portnolapd,0.306,420.0,99.8,2.03,7.11,0.49,0.91,1.03,1.03,1.03,1.0,0.49,0.91,1.03,1.03,1.03,2.03,3.0,0.49,1.03,1.5,1.86,1.87,2.53,11.0,0.49,1.14,1.65,1.97,1.98,2.53
1057945,2022-09-03 14:50:00,ORLEANS,29.9233,-90.1011,11,11,medium,Port NOLA Maintenance (Uptown/West Riverside),portnolamaintenance,1.018,422.0,100.2,0.77,6.7,0.4,0.66,0.68,0.68,0.68,0.0,,,,,,,4.0,0.49,0.91,1.03,1.03,1.03,2.03,11.0,0.49,1.14,1.65,1.97,1.98,2.53
1057935,2022-09-03 14:50:00,ORLEANS,29.9267,-90.073,11,11,high,Harbor Police Headquarters (Irish Channel),portnolapd,0.461,420.0,99.8,2.03,7.11,0.49,0.91,1.03,1.03,1.03,2.0,0.49,1.03,1.5,1.86,1.87,2.53,4.0,0.49,1.03,1.5,1.86,1.87,2.53,11.0,0.49,1.14,1.65,1.97,1.98,2.53
1057931,2022-09-03 14:29:00,ORLEANS,29.94,-90.12,11,11,high,Loyola University New Orleans (Uptown/Audubon),loyola,0.202,419.0,99.5,0.57,5.01,0.26,0.37,0.45,0.57,0.57,1.0,0.26,0.37,0.45,0.57,0.57,0.57,3.0,0.26,0.37,0.45,0.57,0.57,0.57,11.0,0.47,1.14,1.58,1.86,1.87,1.87
1057949,2022-09-03 14:57:00,ORLEANS,29.94,-90.12,11,11,high,Loyola University New Orleans (Uptown/Audubon),loyola,0.202,419.0,99.5,1.51,7.02,0.48,0.89,0.94,0.94,0.94,1.0,0.48,0.89,0.94,0.94,0.94,1.51,3.0,0.48,0.99,1.17,1.17,1.17,1.51,11.0,0.49,1.14,1.58,1.86,1.87,2.77
1057933,2022-09-03 14:47:00,ORLEANS,29.9412,-90.1168,11,11,high,Loyola University New Orleans (Uptown/Audubon),loyola,0.341,419.0,99.5,0.82,5.14,0.26,0.37,0.45,0.57,0.57,1.0,0.26,0.37,0.45,0.57,0.57,0.82,3.0,0.26,0.46,0.46,0.57,0.57,0.82,11.0,0.49,1.14,1.58,1.86,1.87,2.37
1057948,2022-09-03 14:50:00,ORLEANS,29.9493,-90.1316,11,11,high,SWBNO East Bank Water Intake (Carrollton Bend),carrolltonbend,0.473,592.0,140.6,0.39,2.43,0.18,0.31,0.36,0.37,0.37,1.0,0.18,0.31,0.36,0.37,0.37,0.39,2.0,0.41,0.46,0.5,0.57,0.57,1.07,11.0,0.49,1.14,1.58,1.86,1.87,2.53
1057928,2022-09-03 09:50:00,EAST BATON ROUGE,30.42,-91.15,2,2,medium,Louisiana State University (Alex Box Stadium),alexbox,2.087,421.0,100.0,0.0,0.0,0.0,0.0,0.0,0.0,0.0,0.0,,,,,,,0.0,,,,,,,2.0,0.02,0.02,0.02,0.02,0.02,0.02
1057929,2022-09-03 09:50:00,EAST BATON ROUGE,30.4245,-91.1323,2,2,low,Louisiana State University (Alex Box Stadium),alexbox,3.186,421.0,100.0,0.0,0.0,0.0,0.0,0.0,0.0,0.0,0.0,,,,,,,0.0,,,,,,,2.0,0.02,0.02,0.02,0.02,0.02,0.02
1057930,2022-09-03 09:50:00,EAST BATON ROUGE,30.44,-91.14,2,2,low,Louisiana State University (Tiger Stadium),tigerstadium,3.25,421.0,100.0,0.02,0.01,0.02,0.02,0.02,0.02,0.02,0.0,,,,,,,0.0,,,,,,,2.0,0.02,0.02,0.02,0.02,0.02,0.02
1068503,2022-12-14 17:15:00,ORLEANS,29.9898,-90.0891,13,13,high,NOPD Stables (City Park),citypark,0.818,420.0,99.8,1.29,5.88,0.24,0.54,0.94,1.17,1.29,1.0,0.24,0.54,0.94,1.17,1.29,1.29,3.0,0.71,1.23,1.88,2.66,2.72,2.72,13.0,0.71,1.23,1.88,2.66,2.72,2.72
1077274,2023-01-21 06:00:00,EAST BATON ROUGE,30.4644,-91.0186,0,0,poor,,,,,,,,,,,,,,,,,,,,,,,,,,,,,,,,,
1077656,2023-01-29 13:20:00,EAST BATON ROUGE,30.36,-91.11,0,0,poor,,,,,,,,,,,,,,,,,,,,,,,,,,,,,,,,,
1077654,2023-01-29 12:51:00,EAST BATON ROUGE,30.41,-91.15,2,2,medium,Louisiana State University (Alex Box Stadium),alexbox,1.999,420.0,99.8,0.0,0.0,0.0,0.0,0.0,0.0,0.0,0.0,,,,,,,1.0,0.0,0.0,0.0,0.0,0.0,0.0,2.0,0.23,0.51,0.86,1.46,2.89,3.8
1077646,2023-01-29 10:46:00,EAST BATON ROUGE,30.42,-91.15,2,2,medium,Louisiana State University (Alex Box Stadium),alexbox,2.087,420.0,99.8,0.0,0.0,0.0,0.0,0.0,0.0,0.0,0.0,,,,,,,0.0,,,,,,,2.0,0.23,0.51,0.86,1.46,2.7,2.97
1077657,2023-01-29 13:40:00,EAST BATON ROUGE,30.4575,-91.1817,2,2,low,Louisiana State University (Tiger Stadium),tigerstadium,3.152,415.0,98.6,3.97,3.74,0.23,0.51,0.86,1.46,2.89,0.0,,,,,,,0.0,,,,,,,2.0,0.23,0.51,0.86,1.46,2.89,3.97
1077655,2023-01-29 13:10:00,EAST BATON ROUGE,30.46,-91.18,2,2,low,Louisiana State University (Tiger Stadium),tigerstadium,3.329,420.0,99.8,3.86,3.74,0.23,0.51,0.86,1.46,2.89,0.0,,,,,,,0.0,,,,,,,2.0,0.23,0.51,0.86,1.46,2.89,3.86
1083312,2023-02-08 23:15:00,JEFFERSON,29.9309,-90.1786,3,3,medium,SWBNO East Bank Water Intake (Carrollton Bend),carrolltonbend,2.885,418.0,99.3,1.22,9.6,0.35,0.62,0.91,0.91,1.22,0.0,,,,,,,0.0,,,,,,,3.0,0.35,0.76,0.91,0.92,1.22,1.22
1083309,2023-02-16 17:02:00,EAST BATON ROUGE,30.6346,-91.2456,0,0,poor,,,,,,,,,,,,,,,,,,,,,,,,,,,,,,,,,
1096104,2023-04-07 10:20:00,EAST BATON ROUGE,30.52,-91.18,0,0,poor,,,,,,,,,,,,,,,,,,,,,,,,,,,,,,,,,
1104590,2023-05-09 15:00:00,ORLEANS,29.98,-90.12,13,13,high,NOFD Logistics (Navarre),logistics,0.766,420.0,99.8,4.27,10.67,0.56,1.29,2.04,2.99,4.22,1.0,0.56,1.29,2.04,2.99,4.22,4.27,2.0,0.56,1.29,2.04,2.99,4.22,4.27,13.0,0.56,1.29,2.04,2.99,4.22,4.27
1104574,2023-05-09 12:05:00,ORLEANS,29.99,-90.08,13,13,medium,NOPD Stables (City Park),citypark,1.266,421.0,100.0,0.0,0.0,0.0,0.0,0.0,0.0,0.0,0.0,,,,,,,4.0,0.03,0.04,0.06,0.09,0.09,0.09,13.0,0.11,0.22,0.25,0.28,0.28,0.28
1104586,2023-05-09 13:50:00,ORLEANS,29.99,-90.11,11,11,high,NOFD Logistics (Navarre),logistics,0.27,420.0,99.8,1.22,4.8,0.26,0.43,0.46,0.78,1.22,2.0,0.26,0.43,0.46,0.78,1.22,1.22,2.0,0.26,0.43,0.46,0.78,1.22,1.22,11.0,0.3,0.67,0.69,0.78,1.22,1.22
1104589,2023-05-09 14:30:00,ORLEANS,29.99,-90.11,11,11,high,NOFD Logistics (Navarre),logistics,0.27,420.0,99.8,2.76,6.4,0.35,0.91,1.29,1.86,2.73,2.0,0.35,0.91,1.29,1.86,2.73,2.76,2.0,0.35,0.91,1.29,1.86,2.73,2.76,11.0,0.35,0.91,1.33,1.86,2.73,2.76
1104591,2023-05-09 15:15:00,ORLEANS,30.01,-90.11,8,8,medium,NOPD Stables (City Park),citypark,1.061,420.0,99.8,0.01,0.01,0.01,0.01,0.01,0.01,0.01,0.0,,,,,,,3.0,4.32,4.58,5.79,7.11,8.52,8.62,8.0,4.32,4.58,5.79,7.11,8.52,8.62
1104592,2023-05-09 15:20:00,ORLEANS,30.01,-90.11,8,8,medium,NOPD Stables (City Park),citypark,1.061,420.0,99.8,0.01,0.01,0.01,0.01,0.01,0.01,0.01,0.0,,,,,,,3.0,4.32,4.58,5.79,7.11,8.52,8.63,8.0,4.32,4.58,5.79,7.11,8.52,8.63
1104576,2023-05-09 12:25:00,ORLEANS,30.01,-90.06,9,9,high,NOFD Engine 12 (Gentilly/Milneburg),gentilly,0.659,420.0,99.8,0.4,5.19,0.29,0.39,0.4,0.4,0.4,1.0,0.29,0.39,0.4,0.4,0.4,0.4,1.0,0.29,0.39,0.4,0.4,0.4,0.4,9.0,0.29,0.39,0.4,0.43,0.43,0.43
1104585,2023-05-09 13:48:00,JEFFERSON,30.01,-90.12,8,8,medium,Municipal Yacht Harbor (Lakefront),lakefront,1.295,495.0,117.6,0.63,4.0,0.18,0.27,0.28,0.43,0.63,0.0,,,,,,,3.0,0.24,0.43,0.46,0.74,1.18,1.18,8.0,0.3,0.67,0.69,0.74,1.18,1.18
1104588,2023-05-09 14:20:00,JEFFERSON,30.01,-90.12,8,8,medium,Municipal Yacht Harbor (Lakefront),lakefront,1.295,487.0,115.7,1.1,4.0,0.18,0.27,0.51,0.65,1.1,0.0,,,,,,,3.0,0.35,0.76,1.04,1.44,2.26,2.26,8.0,0.35,0.76,1.04,1.44,2.26,2.26
1104580,2023-05-09 12:50:00,ORLEANS,30.02,-90.04,8,8,high,NOFD Engine 12 (Gentilly/Milneburg),gentilly,0.746,401.0,95.2,0.7,6.13,0.3,0.67,0.69,0.7,0.7,1.0,0.3,0.67,0.69,0.7,0.7,0.7,1.0,0.3,0.67,0.69,0.7,0.7,0.7,8.0,0.3,0.67,0.69,0.7,0.7,0.7
1104582,2023-05-09 12:58:00,ORLEANS,30.03,-89.99,5,5,medium,NOFD Engine 36 (New Orleans East),neworleanseast,1.285,420.0,99.8,0.25,2.68,0.17,0.23,0.25,0.25,0.25,0.0,,,,,,,1.0,0.17,0.23,0.25,0.25,0.25,0.25,5.0,0.3,0.67,0.69,0.7,0.7,0.7
1104579,2023-05-09 12:25:00,ORLEANS,30.0329,-90.0284,6,6,medium,NOFD Engine 12 (Gentilly/Milneburg),gentilly,1.807,420.0,99.8,0.4,5.19,0.29,0.39,0.4,0.4,0.4,0.0,,,,,,,1.0,0.29,0.39,0.4,0.4,0.4,0.4,6.0,0.29,0.39,0.4,0.4,0.4,0.4
1125765,2023-07-22 18:42:00,ORLEANS,29.97,-90.05,12,12,high,NOFD Engine 27 (Seventh Ward/St. Roch),seventhward,0.836,420.0,99.8,0.0,0.0,0.0,0.0,0.0,0.0,0.0,1.0,0.0,0.0,0.0,0.0,0.0,0.0,2.0,0.0,0.0,0.0,0.0,0.0,0.0,12.0,0.01,0.01,0.01,0.01,0.01,0.01
1125775,2023-07-22 19:03:00,ORLEANS,29.98,-90.03,12,12,medium,NOFD Engine 27 (Seventh Ward/St. Roch),seventhward,1.706,420.0,99.8,0.0,0.0,0.0,0.0,0.0,0.0,0.0,0.0,,,,,,,2.0,0.0,0.0,0.0,0.0,0.0,0.0,12.0,0.01,0.01,0.01,0.01,0.01,0.01
1125770,2023-07-22 18:56:00,ORLEANS,29.99,-90.07,14,14,high,NOFD Engine 27 (Seventh Ward/St. Roch),seventhward,0.995,420.0,99.8,0.0,0.0,0.0,0.0,0.0,0.0,0.0,1.0,0.0,0.0,0.0,0.0,0.0,0.0,3.0,0.0,0.0,0.0,0.0,0.0,0.0,14.0,0.01,0.01,0.01,0.01,0.01,0.01
1142731,2023-09-04 12:35:00,ORLEANS,29.97,-90.07,15,15,high,NOFD Rescue Squad 7 (Treme),treme,0.514,421.0,100.0,0.03,0.26,0.02,0.02,0.03,0.03,0.03,2.0,0.59,0.59,0.79,1.17,2.21,2.25,3.0,0.59,0.59,0.79,1.17,2.21,2.25,15.0,0.59,1.02,1.6,2.19,2.75,2.79
1142725,2023-09-04 12:06:00,ORLEANS,29.97,-90.09,14,14,medium,NOFD Rescue Squad 7 (Treme),treme,1.215,421.0,100.0,0.03,0.26,0.02,0.02,0.03,0.03,0.03,0.0,,,,,,,4.0,0.59,0.84,1.52,1.59,2.21,2.24,14.0,0.59,0.84,1.52,1.59,2.21,2.24
1142729,2023-09-04 12:35:00,ORLEANS,29.97,-90.11,13,13,medium,NOFD Logistics (Navarre),logistics,1.116,368.0,87.4,2.27,7.11,0.48,0.97,1.6,2.19,2.27,0.0,,,,,,,1.0,0.48,0.97,1.6,2.19,2.27,2.27,13.0,0.59,1.02,1.6,2.19,2.75,2.79
1142728,2023-09-04 12:15:00,ORLEANS,29.98,-90.11,13,13,high,NOFD Logistics (Navarre),logistics,0.426,368.0,87.4,2.01,7.11,0.48,0.97,1.6,2.0,2.01,1.0,0.48,0.97,1.6,2.0,2.01,2.01,2.0,0.48,0.97,1.6,2.0,2.01,2.01,13.0,0.59,0.97,1.6,2.0,2.21,2.24
1142804,2023-09-04 13:00:00,ORLEANS,29.99,-90.11,11,11,high,NOFD Logistics (Navarre),logistics,0.27,367.0,87.2,3.47,7.11,0.48,0.97,1.6,2.43,3.47,2.0,0.48,0.97,1.6,2.43,3.47,3.47,2.0,0.48,0.97,1.6,2.43,3.47,3.47,11.0,0.59,1.27,1.67,2.43,3.47,3.47
1142722,2023-09-04 12:13:00,ORLEANS,29.99,-90.07,14,14,high,NOFD Engine 27 (Seventh Ward/St. Roch),seventhward,0.995,416.0,98.8,2.24,5.28,0.59,0.59,0.79,1.17,2.21,1.0,0.59,0.59,0.79,1.17,2.21,2.24,3.0,0.59,0.59,0.79,1.17,2.21,2.24,14.0,0.59,0.91,1.6,1.93,2.21,2.24
1142730,2023-09-04 12:38:00,ORLEANS,30.0,-90.11,10,10,high,NOPD Stables (City Park),citypark,0.669,428.0,101.7,0.0,0.0,0.0,0.0,0.0,0.0,0.0,2.0,0.48,0.97,1.6,2.29,2.45,2.45,3.0,0.48,0.97,1.6,2.29,2.45,2.45,10.0,0.59,1.2,1.6,2.29,2.98,3.02
1142720,2023-09-04 12:00:00,ORLEANS,30.0,-90.11,10,10,high,NOPD Stables (City Park),citypark,0.669,430.0,102.1,0.0,0.0,0.0,0.0,0.0,0.0,0.0,2.0,0.43,0.84,1.02,1.03,1.04,1.04,3.0,0.43,0.84,1.02,1.03,1.04,1.04,10.0,0.59,0.84,1.02,1.52,2.21,2.23
1142803,2023-09-04 12:45:00,ORLEANS,30.01,-90.1,9,9,high,NOPD Stables (City Park),citypark,0.838,428.0,101.7,0.0,0.0,0.0,0.0,0.0,0.0,0.0,1.0,0.0,0.0,0.0,0.0,0.0,0.0,3.0,0.48,0.97,1.6,2.29,2.64,2.64,9.0,0.59,1.27,1.64,2.29,3.33,3.41
1153148,2023-12-01 04:39:00,EAST BATON ROUGE,30.42,-91.1,0,0,poor,,,,,,,,,,,,,,,,,,,,,,,,,,,,,,,,,
1153152,2023-12-02 06:55:00,ORLEANS,29.95,-90.1,12,12,medium,NOFD Engine 16 (Central City),centralcity,1.302,449.0,106.7,6.48,9.29,1.68,1.68,1.78,2.18,4.06,0.0,,,,,,,4.0,1.68,1.68,1.78,2.45,4.93,6.48,12.0,1.68,1.68,1.8,2.76,5.91,6.48
1162275,2024-02-03 18:53:00,JEFFERSON,29.91,-90.05,9,9,medium,Harbor Police Headquarters (Irish Channel),portnolapd,1.742,420.0,99.8,4.18,4.47,0.27,0.63,1.14,1.65,3.96,0.0,,,,,,,2.0,0.27,0.63,1.14,1.65,3.96,4.18,9.0,0.37,0.76,1.38,2.03,4.54,5.05
1162276,2024-02-03 18:53:00,JEFFERSON,29.9297,-90.1605,5,5,medium,SWBNO East Bank Water Intake (Carrollton Bend),carrolltonbend,2.118,421.0,100.0,3.82,7.68,0.35,0.52,0.81,1.3,3.37,0.0,,,,,,,0.0,,,,,,,5.0,0.37,0.76,1.26,2.03,4.54,5.05
1162278,2024-02-03 19:30:00,ORLEANS,29.979,-90.0991,14,14,high,NOFD Logistics (Navarre),logistics,0.787,421.0,100.0,4.08,7.89,0.27,0.52,0.86,1.44,3.4,1.0,0.27,0.52,0.86,1.44,3.4,4.08,3.0,0.31,0.62,1.06,1.85,4.36,4.94,14.0,0.37,0.76,1.38,2.31,4.99,5.74
1162280,2024-02-03 19:40:00,JEFFERSON,29.9921,-90.1285,10,10,medium,NOFD Logistics (Navarre),logistics,1.218,421.0,100.0,4.1,7.89,0.27,0.52,0.86,1.44,3.4,0.0,,,,,,,2.0,0.31,0.59,1.03,1.78,3.93,4.65,10.0,0.37,0.71,1.29,2.31,4.96,5.69
1162274,2024-02-03 18:43:00,ORLEANS,30.0085,-90.0179,8,8,medium,NOFD Engine 12 (Gentilly/Milneburg),gentilly,2.093,420.0,99.8,3.73,6.06,0.32,0.57,0.9,1.51,3.49,0.0,,,,,,,0.0,,,,,,,8.0,0.37,0.76,1.38,2.0,4.07,4.37
1168658,2024-03-04 17:47:00,ORLEANS,29.94,-90.11,12,12,high,Loyola University New Orleans (Uptown/Audubon),loyola,0.628,420.0,99.8,2.89,6.7,0.52,1.19,1.6,1.79,2.27,1.0,0.52,1.19,1.6,1.79,2.27,2.89,4.0,0.57,1.39,2.06,2.46,2.66,3.33,12.0,0.74,1.51,2.06,2.46,2.66,3.33
1168657,2024-03-04 17:40:00,ORLEANS,29.95,-90.05,13,13,medium,Port NOLA Administration (Warehouse District/Riverwalk),portnolaadmin,1.158,421.0,100.0,1.66,5.7,0.42,0.87,1.09,1.26,1.26,0.0,,,,,,,5.0,0.74,1.51,2.06,2.46,2.55,3.22,13.0,0.74,1.51,2.06,2.46,2.55,3.22
1168662,2024-03-04 18:20:00,ORLEANS,29.95,-90.06,14,14,high,Port NOLA Administration (Warehouse District/Riverwalk),portnolaadmin,0.913,420.0,99.8,1.7,5.7,0.42,0.87,1.09,1.26,1.3,1.0,0.42,0.87,1.09,1.26,1.3,1.7,5.0,0.74,1.51,2.06,2.46,2.89,3.56,14.0,0.74,1.51,2.06,2.46,2.89,3.56
1168660,2024-03-04 18:10:00,ORLEANS,29.96,-90.06,14,14,high,NOFD Rescue Squad 7 (Treme),treme,0.715,420.0,99.8,3.25,11.52,0.74,1.51,1.84,2.13,2.61,1.0,0.74,1.51,1.84,2.13,2.61,3.25,5.0,0.74,1.51,2.06,2.46,2.84,3.51,14.0,0.74,1.51,2.06,2.46,2.84,3.51
1168655,2024-03-04 17:00:00,ORLEANS,29.99,-90.1,12,12,high,NOPD Stables (City Park),citypark,0.548,837.0,198.8,1.08,2.72,0.15,0.3,0.43,0.54,0.63,2.0,0.25,0.48,0.66,0.78,0.84,1.17,2.0,0.25,0.48,0.66,0.78,0.84,1.17,12.0,0.74,1.51,2.06,2.35,2.37,3.03
1168656,2024-03-04 17:00:00,ORLEANS,30.02,-90.05,9,9,high,NOFD Engine 12 (Gentilly/Milneburg),gentilly,0.277,799.0,189.8,1.02,3.49,0.2,0.44,0.53,0.7,0.76,1.0,0.2,0.44,0.53,0.7,0.76,1.02,1.0,0.2,0.44,0.53,0.7,0.76,1.02,9.0,0.74,1.51,1.83,2.03,2.05,2.66
1168666,2024-03-05 01:10:00,JEFFERSON,29.8922,-90.017,4,4,low,SWBNO West Bank Water Treatment (English Turn),englishturn,3.211,403.0,95.7,1.55,4.14,0.22,0.5,0.75,0.97,1.3,0.0,,,,,,,0.0,,,,,,,4.0,0.22,0.5,0.75,0.97,1.3,1.55
1177921,2024-04-10 10:53:00,JEFFERSON,29.96,-90.19,2,2,low,SWBNO East Bank Water Intake (Carrollton Bend),carrolltonbend,3.148,419.0,99.5,3.66,10.11,0.6,1.22,1.52,1.9,2.82,0.0,,,,,,,0.0,,,,,,,2.0,0.6,1.22,1.52,1.9,2.82,3.66
1177907,2024-04-10 08:25:00,ORLEANS,29.96,-90.07,16,14,high,NOFD Rescue Squad 7 (Treme),treme,0.207,418.0,99.3,0.75,4.92,0.22,0.44,0.66,0.72,0.75,2.0,0.23,0.44,0.72,0.79,0.86,0.86,5.0,0.23,0.44,0.72,0.79,0.86,0.86,14.0,0.3,0.47,0.82,0.85,1.1,1.1
1177914,2024-04-10 10:09:00,JEFFERSON,29.96,-90.19,2,2,low,SWBNO East Bank Water Intake (Carrollton Bend),carrolltonbend,3.148,420.0,99.8,2.74,10.11,0.6,1.22,1.52,1.9,2.74,0.0,,,,,,,0.0,,,,,,,2.0,0.6,1.22,1.52,1.9,2.74,2.74
1177925,2024-04-10 11:23:00,ST. CHARLES,29.97,-90.29,0,0,poor,,,,,,,,,,,,,,,,,,,,,,,,,,,,,,,,,
1177902,2024-04-10 08:04:00,ORLEANS,29.97,-90.11,14,13,medium,NOFD Logistics (Navarre),logistics,1.116,420.0,99.8,0.73,4.65,0.25,0.45,0.64,0.73,0.73,0.0,,,,,,,1.0,0.25,0.45,0.64,0.73,0.73,0.73,13.0,0.3,0.47,0.74,0.85,0.85,0.85
1177904,2024-04-10 08:23:00,ORLEANS,29.9798,-90.087,17,15,medium,NOFD Logistics (Navarre),logistics,1.407,420.0,99.8,0.83,4.65,0.25,0.45,0.64,0.73,0.83,0.0,,,,,,,4.0,0.3,0.47,0.73,0.85,0.9,0.9,15.0,0.3,0.57,0.87,0.91,1.02,1.02
1177919,2024-04-10 10:51:00,ORLEANS,29.98,-90.05,14,12,high,NOFD Engine 27 (Seventh Ward/St. Roch),seventhward,0.509,420.0,99.8,4.26,9.93,0.5,1.24,2.01,2.63,3.49,1.0,0.5,1.24,2.01,2.63,3.49,4.26,2.0,0.5,1.24,2.01,2.63,3.49,4.26,12.0,1.9,1.9,2.01,2.75,4.13,4.86
1177923,2024-04-10 11:11:00,ORLEANS,29.98,-90.05,14,12,high,NOFD Engine 27 (Seventh Ward/St. Roch),seventhward,0.509,420.0,99.8,4.92,9.93,0.5,1.24,2.01,2.63,4.14,1.0,0.5,1.24,2.01,2.63,4.14,4.92,2.0,0.5,1.24,2.01,2.63,4.14,4.92,12.0,1.9,1.9,2.01,2.75,4.68,5.51
1177903,2024-04-10 08:05:00,ORLEANS,29.99,-90.07,17,15,high,NOFD Engine 27 (Seventh Ward/St. Roch),seventhward,0.995,424.0,100.7,0.78,4.54,0.21,0.41,0.71,0.77,0.78,1.0,0.21,0.41,0.71,0.77,0.78,0.78,3.0,0.3,0.47,0.73,0.85,0.86,0.86,15.0,0.3,0.57,0.87,0.91,0.93,0.93
1177905,2024-04-10 08:23:00,ORLEANS,29.99,-90.05,14,12,high,NOFD Engine 27 (Seventh Ward/St. Roch),seventhward,0.88,424.0,100.7,0.82,4.54,0.21,0.41,0.71,0.77,0.82,1.0,0.21,0.41,0.71,0.77,0.82,0.82,2.0,0.22,0.42,0.71,0.77,0.82,0.82,12.0,0.3,0.57,0.87,0.91,0.93,0.93
1177906,2024-04-10 08:24:00,ORLEANS,29.99,-90.06,15,13,high,NOFD Engine 27 (Seventh Ward/St. Roch),seventhward,0.724,424.0,100.7,0.83,4.54,0.21,0.41,0.71,0.77,0.83,1.0,0.21,0.41,0.71,0.77,0.83,0.83,2.0,0.22,0.42,0.71,0.77,0.83,0.83,13.0,0.3,0.57,0.87,0.91,0.93,0.93
1177918,2024-04-10 10:50:00,ORLEANS,30.0,-90.11,12,10,high,NOPD Stables (City Park),citypark,0.669,419.0,99.5,3.34,8.11,0.54,1.0,1.19,1.61,2.49,2.0,1.9,1.9,1.92,2.75,4.06,4.79,3.0,1.9,1.9,1.92,2.75,4.06,4.79,10.0,1.9,1.9,2.01,2.75,4.06,4.79
1177901,2024-04-10 07:45:00,EAST BATON ROUGE,30.45,-91.18,2,2,medium,Louisiana State University (Tiger Stadium),tigerstadium,2.641,421.0,100.0,0.07,1.61,0.05,0.06,0.06,0.07,0.07,0.0,,,,,,,0.0,,,,,,,2.0,0.05,0.06,0.06,0.07,0.07,0.07
1185923,2024-05-16 22:40:00,ORLEANS,29.99,-90.07,17,16,high,NOFD Engine 27 (Seventh Ward/St. Roch),seventhward,0.995,580.0,137.8,0.07,0.31,0.03,0.04,0.04,0.04,0.05,1.0,0.03,0.04,0.04,0.04,0.05,0.07,3.0,0.06,0.07,0.07,0.07,0.07,0.09,16.0,0.1,0.14,0.15,0.15,0.15,0.22
1185925,2024-05-16 22:51:00,JEFFERSON,30.02,-90.22,0,0,poor,,,,,,,,,,,,,,,,,,,,,,,,,,,,,,,,,
1185927,2024-05-16 23:05:00,ORLEANS,30.02,-90.02,8,8,high,NOFD Engine 4 (Pines Village),pinesvillage,0.299,419.0,99.5,0.11,0.37,0.02,0.04,0.05,0.06,0.06,1.0,0.02,0.04,0.05,0.06,0.06,0.11,3.0,0.04,0.07,0.07,0.07,0.07,0.13,8.0,0.06,0.07,0.07,0.07,0.07,0.13
1185994,2024-05-30 10:50:00,ORLEANS,29.94,-90.06,16,15,high,Port NOLA Administration (Warehouse District/Riverwalk),portnolaadmin,0.247,420.0,99.8,0.0,0.0,0.0,0.0,0.0,0.0,0.0,1.0,0.0,0.0,0.0,0.0,0.0,0.0,6.0,0.04,0.04,0.04,0.04,0.04,0.07,15.0,0.06,0.06,0.06,0.06,0.06,0.07
1190846,2024-06-01 14:15:00,ORLEANS,29.96,-90.06,18,17,high,NOFD Rescue Squad 7 (Treme),treme,0.715,420.0,99.8,0.0,0.0,0.0,0.0,0.0,0.0,0.0,1.0,0.0,0.0,0.0,0.0,0.0,0.0,5.0,1.34,1.34,1.34,2.45,2.58,2.58,17.0,1.34,1.34,1.34,2.45,2.58,2.58
1205871,2024-07-03 11:50:00,JEFFERSON,30.0,-90.15,6,5,medium,NOFD Logistics (Navarre),logistics,2.615,526.0,124.9,0.53,8.11,0.38,0.53,0.53,0.53,0.53,0.0,,,,,,,0.0,,,,,,,5.0,0.38,0.53,0.53,0.53,0.53,0.53
1205874,2024-07-03 12:19:00,JEFFERSON,30.0,-90.15,6,5,medium,NOFD Logistics (Navarre),logistics,2.615,529.0,125.7,1.77,8.11,0.46,1.21,1.73,1.77,1.77,0.0,,,,,,,0.0,,,,,,,5.0,0.46,1.21,1.73,1.77,1.77,1.77
1205893,2024-07-05 19:10:00,ORLEANS,29.95,-90.08,15,14,high,New Orleans City Hall (Central Business District),cityhallcbd,0.247,420.0,99.8,0.0,0.0,0.0,0.0,0.0,0.0,0.0,2.0,0.0,0.0,0.0,0.0,0.0,0.0,4.0,0.0,0.0,0.0,0.0,0.0,0.0,14.0,0.22,0.37,0.37,0.37,0.37,0.37
1205889,2024-07-05 19:00:00,ORLEANS,29.96,-90.06,18,17,high,NOFD Rescue Squad 7 (Treme),treme,0.715,420.0,99.8,0.0,0.0,0.0,0.0,0.0,0.0,0.0,1.0,0.0,0.0,0.0,0.0,0.0,0.0,5.0,0.02,0.02,0.02,0.02,0.02,0.02,17.0,0.16,0.24,0.25,0.25,0.46,0.48
1205892,2024-07-05 19:05:00,ORLEANS,29.96,-90.07,16,15,high,NOFD Rescue Squad 7 (Treme),treme,0.207,420.0,99.8,0.0,0.0,0.0,0.0,0.0,0.0,0.0,2.0,0.0,0.0,0.0,0.0,0.0,0.0,5.0,0.14,0.16,0.16,0.16,0.16,0.16,15.0,0.14,0.16,0.16,0.16,0.16,0.16
1205896,2024-07-05 19:25:00,ORLEANS,29.96,-90.06,18,17,high,NOFD Rescue Squad 7 (Treme),treme,0.715,420.0,99.8,0.0,0.0,0.0,0.0,0.0,0.0,0.0,1.0,0.0,0.0,0.0,0.0,0.0,0.0,5.0,0.27,0.44,0.49,0.49,0.49,0.49,17.0,0.27,0.53,0.55,0.8,1.01,1.03
1205897,2024-07-05 19:25:00,ORLEANS,29.96,-90.11,14,13,medium,Loyola University New Orleans (Uptown/Audubon),loyola,1.692,432.0,102.6,0.0,0.0,0.0,0.0,0.0,0.0,0.0,0.0,,,,,,,3.0,0.03,0.03,0.03,0.03,0.03,0.03,13.0,0.27,0.44,0.49,0.49,0.49,0.49
1205891,2024-07-05 19:00:00,ORLEANS,29.97,-90.11,14,13,medium,NOFD Logistics (Navarre),logistics,1.116,530.0,125.9,0.0,0.0,0.0,0.0,0.0,0.0,0.0,0.0,,,,,,,1.0,0.0,0.0,0.0,0.0,0.0,0.0,13.0,0.03,0.03,0.03,0.03,0.03,0.03
1205895,2024-07-05 19:15:00,ORLEANS,29.97,-90.09,16,15,medium,NOFD Rescue Squad 7 (Treme),treme,1.215,420.0,99.8,0.0,0.0,0.0,0.0,0.0,0.0,0.0,0.0,,,,,,,4.0,0.22,0.44,0.46,0.46,0.46,0.46,15.0,0.22,0.44,0.46,0.46,0.46,0.46
1205899,2024-07-05 19:25:00,ORLEANS,30.0,-90.04,15,14,high,City Equipment Maintenance (Desire),desire,0.464,421.0,100.0,0.18,1.43,0.07,0.16,0.16,0.18,0.18,1.0,0.07,0.16,0.16,0.18,0.18,0.18,4.0,0.22,0.53,0.55,0.8,1.01,1.03,14.0,1.66,1.66,1.66,1.66,2.5,3.65
1205900,2024-07-05 19:25:00,ORLEANS,30.0,-90.05,14,13,medium,City Equipment Maintenance (Desire),desire,1.063,421.0,100.0,0.18,1.43,0.07,0.16,0.16,0.18,0.18,0.0,,,,,,,3.0,0.22,0.44,0.49,0.49,0.49,0.49,13.0,0.27,0.53,0.55,0.8,1.01,1.03
1205934,2024-07-09 17:53:00,ORLEANS,29.97,-90.11,14,13,medium,NOFD Logistics (Navarre),logistics,1.116,517.0,122.8,0.97,8.73,0.43,0.57,0.57,0.57,0.57,0.0,,,,,,,1.0,0.43,0.57,0.57,0.57,0.57,0.97,13.0,0.43,0.71,0.74,0.74,0.74,1.05
1205935,2024-07-09 18:42:00,ORLEANS,29.97,-90.09,16,15,medium,NOFD Rescue Squad 7 (Treme),treme,1.215,421.0,100.0,0.0,0.0,0.0,0.0,0.0,0.0,0.0,0.0,,,,,,,4.0,1.34,1.79,2.08,2.12,2.12,2.32,15.0,1.34,1.79,2.08,2.12,2.12,2.32
1205765,2024-07-17 14:20:00,ST. CHARLES,29.97,-90.3,0,0,poor,,,,,,,,,,,,,,,,,,,,,,,,,,,,,,,,,
1205820,2024-07-18 13:00:00,JEFFERSON,29.94,-90.2,2,2,low,SWBNO East Bank Water Intake (Carrollton Bend),carrolltonbend,3.826,420.0,99.8,0.09,1.21,0.06,0.09,0.09,0.09,0.09,0.0,,,,,,,0.0,,,,,,,2.0,0.06,0.09,0.09,0.09,0.09,0.09
1205824,2024-07-18 13:45:00,JEFFERSON,29.94,-90.2,2,2,low,SWBNO East Bank Water Intake (Carrollton Bend),carrolltonbend,3.826,420.0,99.8,2.18,9.0,0.49,1.16,1.96,2.18,2.18,0.0,,,,,,,0.0,,,,,,,2.0,0.49,1.16,1.96,2.18,2.18,2.18
1205825,2024-07-18 14:25:00,ORLEANS,29.95,-90.13,12,11,high,SWBNO East Bank Water Intake (Carrollton Bend),carrolltonbend,0.53,420.0,99.8,4.03,13.09,0.69,1.36,2.2,3.87,4.03,1.0,0.69,1.36,2.2,3.87,4.03,4.03,2.0,0.69,1.36,2.2,3.87,4.03,4.03,11.0,0.69,1.36,2.2,3.87,4.03,4.03
1205822,2024-07-18 13:25:00,ORLEANS,29.96,-90.11,14,13,medium,Loyola University New Orleans (Uptown/Audubon),loyola,1.692,423.0,100.5,0.1,1.57,0.07,0.08,0.1,0.1,0.1,0.0,,,,,,,3.0,0.34,0.72,0.96,1.01,1.01,1.01,13.0,0.34,0.72,0.96,1.01,1.01,1.01
1205819,2024-07-18 12:45:00,ORLEANS,29.97,-90.11,14,13,medium,NOFD Logistics (Navarre),logistics,1.116,507.0,120.4,0.0,0.0,0.0,0.0,0.0,0.0,0.0,0.0,,,,,,,1.0,0.0,0.0,0.0,0.0,0.0,0.0,13.0,0.26,0.26,0.26,0.26,0.26,0.26
1205870,2024-07-26 17:10:00,JEFFERSON,29.91,-90.05,11,10,medium,Harbor Police Headquarters (Irish Channel),portnolapd,1.742,420.0,99.8,0.16,1.37,0.09,0.1,0.1,0.1,0.1,0.0,,,,,,,2.0,0.09,0.1,0.1,0.1,0.1,0.16,10.0,0.18,0.21,0.21,0.21,0.21,0.34
1205867,2024-07-26 16:54:00,ORLEANS,29.95,-90.1,13,12,medium,NOFD Engine 16 (Central City),centralcity,1.302,420.0,99.8,0.07,0.01,0.03,0.03,0.03,0.03,0.04,0.0,,,,,,,4.0,0.09,0.09,0.09,0.09,0.1,0.1,12.0,0.18,0.21,0.21,0.21,0.26,0.26
1213323,2024-08-30 09:25:00,ORLEANS,30.01,-90.11,10,9,medium,NOPD Stables (City Park),citypark,1.061,419.0,99.5,2.06,9.44,0.49,1.03,1.72,2.06,2.06,0.0,,,,,,,3.0,0.49,1.03,1.72,2.06,2.06,2.06,9.0,0.49,1.03,1.72,2.06,2.06,2.06
1213324,2024-08-30 09:44:00,JEFFERSON,30.0183,-90.1223,8,7,high,Municipal Yacht Harbor (Lakefront),lakefront,0.801,421.0,100.0,0.01,0.01,0.01,0.01,0.01,0.01,0.01,1.0,0.01,0.01,0.01,0.01,0.01,0.01,2.0,0.49,1.03,1.72,2.1,2.11,2.11,7.0,0.49,1.03,1.72,2.1,2.11,2.11
1218708,2024-09-05 09:45:00,EAST BATON ROUGE,30.36,-91.06,0,0,poor,,,,,,,,,,,,,,,,,,,,,,,,,,,,,,,,,
1218713,2024-09-06 22:42:00,ST. CHARLES,29.95,-90.38,2,2,medium,St. Charles Parish EOC,stcharleseoc,1.738,420.0,99.8,8.35,0.49,1.57,1.6,1.63,2.53,5.85,0.0,,,,,,,1.0,1.57,1.6,1.63,2.53,5.85,8.35,2.0,1.57,1.6,1.63,2.53,5.85,8.35
1218716,2024-09-06 22:01:00,ST. CHARLES,29.95,-90.41,1,1,medium,St. Charles Parish EOC,stcharleseoc,1.044,420.0,99.8,8.26,0.49,1.56,1.59,1.63,2.53,5.85,0.0,,,,,,,1.0,1.56,1.59,1.63,2.53,5.85,8.26,1.0,1.56,1.59,1.63,2.53,5.85,8.26
1218715,2024-09-06 22:56:00,ST. CHARLES,29.98,-90.36,1,1,medium,St. Charles Parish EOC,stcharleseoc,2.851,420.0,99.8,8.37,0.49,1.57,1.6,1.63,2.53,5.85,0.0,,,,,,,0.0,,,,,,,1.0,1.57,1.6,1.63,2.53,5.85,8.37
1218717,2024-09-06 23:16:00,ST. CHARLES,29.99,-90.4,1,1,medium,St. Charles Parish EOC,stcharleseoc,1.8,420.0,99.8,9.51,0.49,1.7,1.72,1.76,2.53,5.85,0.0,,,,,,,1.0,1.7,1.72,1.76,2.53,5.85,9.51,1.0,1.7,1.72,1.76,2.53,5.85,9.51
1217874,2024-09-11 20:00:00,ORLEANS,30.0049,-90.1161,11,10,medium,NOPD Stables (City Park),citypark,1.127,361.0,85.7,14.89,6.47,3.42,3.77,3.91,5.86,10.66,0.0,,,,,,,3.0,3.42,3.77,3.91,5.86,10.66,14.89,10.0,4.29,4.43,4.74,8.46,13.04,21.36
1217859,2024-09-11 20:51:00,ST. CHARLES,30.0256,-90.465,1,1,medium,Killona Volunteer Fire Department,killona,2.103,420.0,99.8,0.11,0.01,0.05,0.05,0.05,0.05,0.06,0.0,,,,,,,0.0,,,,,,,1.0,0.05,0.05,0.05,0.05,0.06,0.11
1217873,2024-09-11 20:00:00,JEFFERSON,30.0419,-90.2721,0,0,poor,,,,,,,,,,,,,,,,,,,,,,,,,,,,,,,,,
1224622,2024-11-01 18:22:00,EAST BATON ROUGE,30.4086,-91.0432,0,0,poor,,,,,,,,,,,,,,,,,,,,,,,,,,,,,,,,,
1224687,2024-11-19 06:37:00,ORLEANS,29.9989,-90.1137,13,11,high,NOPD Stables (City Park),citypark,0.877,420.0,99.8,2.05,2.85,0.24,0.58,0.88,0.89,1.49,2.0,0.35,0.69,0.89,0.9,1.59,2.19,2.0,0.35,0.69,0.89,0.9,1.59,2.19,11.0,0.54,0.82,0.91,0.93,2.08,2.71
1244105,2025-02-19 02:00:00,ORLEANS,29.96,-90.09,17,16,high,New Orleans City Hall (Central Business District),cityhallcbd,0.959,554.0,131.6,1.82,5.14,0.2,0.29,0.39,0.67,1.46,1.0,0.2,0.29,0.39,0.67,1.46,1.82,4.0,0.21,0.4,0.6,0.84,1.76,2.13,16.0,0.23,0.48,0.87,1.2,2.36,2.7
1244106,2025-02-19 02:00:00,ORLEANS,29.99,-90.07,18,17,high,Fairgrounds Race Course (Fairgrounds),fairgrounds,0.769,508.0,120.7,2.12,2.38,0.17,0.4,0.6,0.84,1.76,2.0,0.17,0.4,0.6,0.88,1.81,2.18,4.0,0.21,0.4,0.6,0.88,1.81,2.18,17.0,0.23,0.48,0.87,1.2,2.36,2.7
1244107,2025-02-19 02:00:00,ORLEANS,30.01,-90.02,11,11,high,NOFD Engine 4 (Pines Village),pinesvillage,0.913,592.0,140.6,2.49,3.53,0.23,0.44,0.84,1.12,2.14,1.0,0.23,0.44,0.84,1.12,2.14,2.49,3.0,0.23,0.48,0.87,1.2,2.36,2.7,11.0,0.23,0.48,0.87,1.2,2.36,2.7
1256185,2025-03-15 17:15:00,ORLEANS,29.99,-90.11,14,13,high,NOFD Logistics (Navarre),logistics,0.27,420.0,99.8,0.02,0.01,0.01,0.01,0.01,0.01,0.02,2.0,0.02,0.02,0.02,0.02,0.02,0.02,3.0,0.02,0.02,0.02,0.02,0.02,0.02,13.0,0.02,0.02,0.02,0.02,0.02,0.02
1256339,2025-03-29 17:51:00,EAST BATON ROUGE,30.4,-91.15,2,2,medium,Louisiana State University (Alex Box Stadium),alexbox,2.143,420.0,99.8,0.25,0.83,0.05,0.1,0.14,0.21,0.24,0.0,,,,,,,0.0,,,,,,,2.0,0.05,0.1,0.14,0.21,0.24,0.25
1256620,2025-03-29 19:16:00,EAST BATON ROUGE,30.4,-91.1,0,0,poor,,,,,,,,,,,,,,,,,,,,,,,,,,,,,,,,,
1256623,2025-03-29 19:16:00,EAST BATON ROUGE,30.41,-91.1,2,2,low,Louisiana State University (Alex Box Stadium),alexbox,4.977,420.0,99.8,1.76,3.95,0.46,0.5,0.79,1.42,1.52,0.0,,,,,,,0.0,,,,,,,2.0,0.46,0.5,0.79,1.42,1.52,1.76
1256621,2025-03-29 19:16:00,EAST BATON ROUGE,30.41,-91.08,0,0,poor,,,,,,,,,,,,,,,,,,,,,,,,,,,,,,,,,
1256625,2025-03-29 19:16:00,EAST BATON ROUGE,30.42,-91.06,0,0,poor,,,,,,,,,,,,,,,,,,,,,,,,,,,,,,,,,
1256619,2025-03-29 18:24:00,EAST BATON ROUGE,30.42,-91.07,0,0,poor,,,,,,,,,,,,,,,,,,,,,,,,,,,,,,,,,
1256617,2025-03-29 18:11:00,EAST BATON ROUGE,30.43,-91.05,0,0,poor,,,,,,,,,,,,,,,,,,,,,,,,,,,,,,,,,
1256336,2025-03-29 17:45:00,EAST BATON ROUGE,30.68,-91.24,0,0,poor,,,,,,,,,,,,,,,,,,,,,,,,,,,,,,,,,
1256338,2025-03-29 17:45:00,EAST BATON ROUGE,30.68,-91.23,0,0,poor,,,,,,,,,,,,,,,,,,,,,,,,,,,,,,,,,
1250370,2025-03-31 08:42:00,ORLEANS,30.01,-90.02,11,11,high,NOFD Engine 4 (Pines Village),pinesvillage,0.913,388.0,92.2,0.5,3.62,0.17,0.34,0.5,0.5,0.5,1.0,0.17,0.34,0.5,0.5,0.5,0.5,3.0,0.17,0.34,0.5,0.5,0.5,0.5,11.0,0.26,0.38,0.56,0.56,0.56,0.56
1250369,2025-03-31 08:45:00,ORLEANS,30.03,-90.01,8,8,high,NOFD Engine 4 (Pines Village),pinesvillage,0.965,390.0,92.6,0.57,3.62,0.17,0.34,0.57,0.57,0.57,1.0,0.17,0.34,0.57,0.57,0.57,0.57,1.0,0.17,0.34,0.57,0.57,0.57,0.57,8.0,0.26,0.38,0.59,0.59,0.59,0.59
1258216,2025-04-21 15:20:00,JEFFERSON,29.8995,-90.0467,9,9,medium,Harbor Police Headquarters (Irish Channel),portnolapd,2.301,419.0,99.5,0.05,0.01,0.01,0.01,0.01,0.02,0.04,0.0,,,,,,,0.0,,,,,,,9.0,2.3,2.33,2.79,4.12,6.83,6.91
1258046,2025-04-21 16:01:00,JEFFERSON,29.9,-90.03,8,8,medium,NORDC Norman Playground (Old Aurora),oldaurora,2.35,463.0,110.0,3.04,11.29,0.5,0.93,1.25,1.5,2.5,0.0,,,,,,,0.0,,,,,,,8.0,2.3,2.33,2.79,4.12,9.31,9.4
1258060,2025-04-21 15:00:00,JEFFERSON,29.9048,-90.0464,10,10,medium,Harbor Police Headquarters (Irish Channel),portnolapd,2.103,420.0,99.8,0.04,0.01,0.01,0.01,0.01,0.02,0.04,0.0,,,,,,,0.0,,,,,,,10.0,2.3,2.33,2.79,4.12,5.58,5.77
1258217,2025-04-21 15:35:00,JEFFERSON,29.9102,-90.0583,11,10,medium,Harbor Police Headquarters (Irish Channel),portnolapd,1.301,420.0,99.8,0.05,0.01,0.01,0.01,0.01,0.02,0.04,0.0,,,,,,,2.0,0.39,0.82,1.41,2.11,3.56,3.94,10.0,2.3,2.33,2.79,4.12,8.1,8.18
1258052,2025-04-21 13:52:00,ORLEANS,29.9194,-90.0233,10,10,medium,NORDC Norman Playground (Old Aurora),oldaurora,1.503,456.0,108.3,0.71,3.22,0.11,0.23,0.38,0.46,0.71,0.0,,,,,,,2.0,0.36,0.73,1.22,1.51,1.6,1.6,10.0,2.3,2.33,2.79,4.12,4.66,4.66
1258062,2025-04-21 15:08:00,JEFFERSON,29.9276,-90.0543,13,12,high,Port NOLA Administration (Warehouse District/Riverwalk),portnolaadmin,0.793,442.0,105.0,2.85,5.38,0.32,0.53,0.9,1.7,2.76,1.0,0.32,0.53,0.9,1.7,2.76,2.85,4.0,0.61,1.46,2.51,4.01,5.99,6.07,12.0,2.3,2.33,2.79,4.12,5.99,6.07
1258211,2025-04-21 15:09:00,ORLEANS,29.9304,-90.0765,15,14,high,Harbor Police Headquarters (Irish Channel),portnolapd,0.671,419.0,99.5,0.05,0.01,0.01,0.01,0.01,0.02,0.04,3.0,0.49,1.07,1.79,2.31,3.56,4.32,4.0,2.3,2.33,2.79,4.12,5.33,5.86,14.0,2.3,2.33,2.79,4.12,6.03,6.11
1258059,2025-04-21 14:55:00,ORLEANS,29.9319,-90.0355,14,13,high,NORDC Morris F.X. Jeff Sr. Park (Algiers),algiers,0.775,425.0,101.0,5.32,8.86,0.61,1.46,2.51,4.01,5.28,1.0,0.61,1.46,2.51,4.01,5.28,5.32,2.0,0.61,1.46,2.51,4.01,5.28,5.32,13.0,2.3,2.33,2.79,4.12,5.28,5.68
1258050,2025-04-21 13:28:00,ORLEANS,29.9327,-90.0313,13,12,high,NORDC Morris F.X. Jeff Sr. Park (Algiers),algiers,0.649,424.0,100.7,0.51,3.41,0.18,0.36,0.42,0.43,0.51,1.0,0.18,0.36,0.42,0.43,0.51,0.51,2.0,0.18,0.36,0.43,0.58,0.74,0.74,12.0,2.3,2.33,2.79,4.12,4.61,4.61
1258054,2025-04-21 13:53:00,ORLEANS,29.9412,-90.0355,13,12,high,NORDC Morris F.X. Jeff Sr. Park (Algiers),algiers,0.339,425.0,101.0,1.7,6.0,0.37,0.75,1.31,1.61,1.7,1.0,0.37,0.75,1.31,1.61,1.7,1.7,2.0,0.37,0.75,1.31,1.61,1.7,1.7,12.0,2.3,2.33,2.79,4.12,4.66,4.66
1258212,2025-04-21 15:15:00,ORLEANS,29.9445,-90.0792,15,14,high,NOFD Engine 16 (Central City),centralcity,0.216,420.0,99.8,4.5,7.2,0.49,1.07,1.79,2.31,3.56,2.0,2.3,2.33,2.79,4.12,5.33,6.03,5.0,2.3,2.33,2.79,4.12,5.33,6.03,14.0,2.3,2.33,2.79,4.12,6.49,6.57
1258227,2025-04-21 16:05:00,ORLEANS,29.9452,-90.1329,12,11,high,SWBNO East Bank Water Intake (Carrollton Bend),carrolltonbend,0.639,420.0,99.8,1.03,4.88,0.27,0.4,0.41,0.51,0.68,2.0,0.38,0.89,1.12,1.41,1.49,2.36,2.0,0.38,0.89,1.12,1.41,1.49,2.36,11.0,2.3,2.33,2.79,4.12,5.33,7.41
1258225,2025-04-21 15:47:00,ORLEANS,29.9562,-90.0628,18,17,high,NOFD Rescue Squad 7 (Treme),treme,0.689,421.0,100.0,6.31,6.4,1.99,2.02,2.4,3.36,4.45,2.0,2.3,2.33,2.79,4.12,5.33,7.12,5.0,2.3,2.33,2.79,4.12,5.33,7.12,17.0,2.3,2.33,2.79,4.12,8.86,8.95
1258221,2025-04-21 15:45:00,JEFFERSON,29.9566,-90.1964,2,2,low,SWBNO East Bank Water Intake (Carrollton Bend),carrolltonbend,3.505,420.0,99.8,0.85,4.88,0.27,0.4,0.41,0.49,0.5,0.0,,,,,,,0.0,,,,,,,2.0,0.38,0.89,1.12,1.41,1.49,2.23
1258056,2025-04-21 14:54:00,ORLEANS,29.9594,-90.0259,14,13,medium,NORDC Morris F.X. Jeff Sr. Park (Algiers),algiers,1.225,425.0,101.0,5.28,8.86,0.61,1.46,2.51,4.01,5.24,0.0,,,,,,,1.0,0.61,1.46,2.51,4.01,5.24,5.28,13.0,2.3,2.33,2.79,4.12,5.24,5.63
1258061,2025-04-21 15:00:00,ORLEANS,29.9639,-90.009,14,13,medium,SWBNO East Bank Water Treatment (Lower 9th Ward),lowerninthward,1.141,425.0,101.0,4.73,8.35,0.48,1.21,2.22,3.68,4.66,0.0,,,,,,,2.0,0.61,1.46,2.51,4.01,5.58,5.63,13.0,2.3,2.33,2.79,4.12,5.58,5.77
1258215,2025-04-21 15:17:00,ORLEANS,29.9677,-90.1109,15,14,medium,NOFD Logistics (Navarre),logistics,1.277,435.0,103.3,1.01,3.89,0.2,0.45,0.63,0.71,0.75,0.0,,,,,,,2.0,0.27,0.45,0.63,0.71,0.75,1.01,14.0,2.3,2.33,2.79,4.12,5.33,6.09
1258213,2025-04-21 15:15:00,ORLEANS,29.9684,-90.0305,16,15,medium,NORDC Morris F.X. Jeff Sr. Park (Algiers),algiers,1.823,425.0,101.0,6.57,8.86,0.61,1.46,2.51,4.01,6.49,0.0,,,,,,,2.0,1.27,1.46,2.51,4.01,6.49,6.57,15.0,2.3,2.33,2.79,4.12,6.49,6.57
1258222,2025-04-21 15:45:00,JEFFERSON,29.9685,-90.1752,4,4,medium,SWBNO East Bank Water Intake (Carrollton Bend),carrolltonbend,2.462,420.0,99.8,0.85,4.88,0.27,0.4,0.41,0.49,0.5,0.0,,,,,,,0.0,,,,,,,4.0,0.38,0.89,1.12,1.41,1.49,2.23
1258230,2025-04-21 16:35:00,ORLEANS,29.9685,-90.0905,17,16,medium,Fairgrounds Race Course (Fairgrounds),fairgrounds,1.168,433.0,102.9,7.2,5.14,2.2,2.21,2.6,3.18,5.02,0.0,,,,,,,5.0,2.3,2.33,2.79,4.12,5.33,7.57,16.0,2.3,2.33,2.79,4.12,9.37,9.5
1258055,2025-04-21 14:39:00,ORLEANS,29.9712,-90.0031,13,13,high,SWBNO East Bank Water Treatment (Lower 9th Ward),lowerninthward,0.526,425.0,101.0,4.05,8.0,0.48,1.21,2.22,3.42,3.98,1.0,0.48,1.21,2.22,3.42,3.98,4.05,1.0,0.48,1.21,2.22,3.42,3.98,4.05,13.0,2.3,2.33,2.79,4.12,5.06,5.2
1258051,2025-04-21 13:50:00,ORLEANS,29.9869,-90.0672,18,17,high,NOFD Engine 27 (Seventh Ward/St. Roch),seventhward,0.725,420.0,99.8,1.21,3.2,0.21,0.42,0.74,1.09,1.21,2.0,0.27,0.7,1.3,1.89,2.2,2.2,3.0,1.99,2.02,2.4,3.36,4.04,4.04,17.0,2.3,2.33,2.79,4.12,4.66,4.66
1258053,2025-04-21 13:52:00,ORLEANS,29.9902,-90.0739,18,17,high,Fairgrounds Race Course (Fairgrounds),fairgrounds,0.632,427.0,101.4,2.2,4.0,0.27,0.7,1.3,1.89,2.2,1.0,0.27,0.7,1.3,1.89,2.2,2.2,4.0,1.99,2.02,2.4,3.36,4.04,4.04,17.0,2.3,2.33,2.79,4.12,4.66,4.66
1258219,2025-04-21 15:44:00,ORLEANS,29.9923,-90.0679,18,17,high,Fairgrounds Race Course (Fairgrounds),fairgrounds,0.97,434.0,103.1,6.27,4.33,2.2,2.21,2.6,3.18,4.97,1.0,2.2,2.21,2.6,3.18,4.97,6.27,4.0,2.2,2.21,2.6,3.18,4.97,6.27,17.0,2.3,2.33,2.79,4.12,8.73,8.82
1258044,2025-04-21 15:30:00,ORLEANS,30.01,-90.02,11,11,high,NOFD Engine 4 (Pines Village),pinesvillage,0.913,419.0,99.5,1.79,5.19,0.18,0.44,0.71,1.21,1.72,1.0,0.18,0.44,0.71,1.21,1.72,1.79,3.0,2.11,2.26,2.71,3.26,4.27,4.4,11.0,2.2,2.26,2.71,4.01,7.9,7.98
1258045,2025-04-21 16:00:00,JEFFERSON,30.02,-90.27,0,0,poor,,,,,,,,,,,,,,,,,,,,,,,,,,,,,,,,,
1258203,2025-04-24 09:15:00,EAST BATON ROUGE,30.4,-91.18,2,2,high,Louisiana State University (Alex Box Stadium),alexbox,0.804,620.0,147.3,1.71,2.18,0.13,0.26,0.42,0.78,1.55,2.0,0.13,0.26,0.42,0.78,1.55,1.71,2.0,0.13,0.26,0.42,0.78,1.55,1.71,2.0,0.13,0.26,0.42,0.78,1.55,1.71
1258200,2025-04-24 09:34:00,EAST BATON ROUGE,30.42,-91.17,2,2,high,Louisiana State University (Tiger Stadium),tigerstadium,0.992,422.0,100.2,1.77,2.8,0.17,0.35,0.49,0.7,1.46,1.0,0.17,0.35,0.49,0.7,1.46,1.77,2.0,0.22,0.48,0.69,0.78,1.79,2.17,2.0,0.22,0.48,0.69,0.78,1.79,2.17
1258202,2025-04-24 09:53:00,EAST BATON ROUGE,30.42,-91.19,2,2,high,Louisiana State University (Tiger Stadium),tigerstadium,0.671,422.0,100.2,1.89,2.8,0.17,0.35,0.51,0.7,1.46,2.0,0.22,0.48,0.69,0.82,1.79,2.27,2.0,0.22,0.48,0.69,0.82,1.79,2.27,2.0,0.22,0.48,0.69,0.82,1.79,2.27
1258199,2025-04-24 09:27:00,EAST BATON ROUGE,30.4274,-91.1944,2,2,medium,Louisiana State University (Tiger Stadium),tigerstadium,1.243,423.0,100.5,1.7,2.8,0.17,0.35,0.44,0.7,1.46,0.0,,,,,,,2.0,0.22,0.48,0.63,0.78,1.77,2.09,2.0,0.22,0.48,0.63,0.78,1.77,2.09
1260132,2025-05-07 09:05:00,ORLEANS,29.94,-90.07,16,14,high,Port NOLA Administration (Warehouse District/Riverwalk),portnolaadmin,0.521,441.0,104.8,0.06,0.46,0.03,0.04,0.04,0.04,0.04,3.0,0.13,0.17,0.19,0.19,0.25,0.4,4.0,0.13,0.17,0.19,0.19,0.25,0.4,14.0,0.19,0.22,0.22,0.22,0.34,0.55
1260135,2025-05-07 09:10:00,ORLEANS,29.95,-90.07,18,16,high,New Orleans City Hall (Central Business District),cityhallcbd,0.432,421.0,100.0,0.4,1.97,0.11,0.17,0.19,0.19,0.25,2.0,0.13,0.17,0.19,0.19,0.25,0.4,3.0,0.13,0.17,0.19,0.19,0.25,0.4,16.0,0.19,0.22,0.22,0.23,0.4,0.57
1260568,2025-05-09 14:50:00,ORLEANS,29.93,-90.07,14,12,high,Port NOLA Administration (Warehouse District/Riverwalk),portnolaadmin,0.673,439.0,104.3,0.32,2.4,0.07,0.12,0.14,0.2,0.32,2.0,0.07,0.12,0.14,0.2,0.32,0.32,4.0,0.11,0.19,0.25,0.42,0.72,0.72,12.0,0.43,0.56,0.64,0.78,1.13,1.14
1260570,2025-05-09 15:00:00,ORLEANS,29.9538,-90.1363,13,11,high,SWBNO East Bank Water Intake (Carrollton Bend),carrolltonbend,0.105,420.0,99.8,0.91,2.11,0.15,0.26,0.33,0.53,0.9,1.0,0.15,0.26,0.33,0.53,0.9,0.91,2.0,0.15,0.26,0.37,0.53,0.9,0.91,11.0,0.39,0.66,0.85,0.97,1.56,1.56
1260577,2025-05-09 15:45:00,ORLEANS,29.9659,-90.1086,16,14,medium,NOFD Logistics (Navarre),logistics,1.399,435.0,103.3,1.74,6.47,0.32,0.59,0.94,1.31,1.73,0.0,,,,,,,2.0,0.32,0.59,0.94,1.31,1.73,1.74,14.0,0.39,0.99,1.53,2.11,2.7,2.72
1260569,2025-05-09 14:50:00,ORLEANS,29.97,-90.07,19,17,high,NOFD Engine 27 (Seventh Ward/St. Roch),seventhward,0.956,420.0,99.8,0.68,1.62,0.11,0.2,0.33,0.5,0.67,1.0,0.11,0.2,0.33,0.5,0.67,0.68,3.0,0.11,0.2,0.33,0.5,0.67,0.68,17.0,0.15,0.38,0.44,0.66,1.11,1.11
1260571,2025-05-09 15:00:00,ORLEANS,29.97,-90.08,19,17,high,Fairgrounds Race Course (Fairgrounds),fairgrounds,0.856,422.0,100.2,0.59,1.33,0.08,0.15,0.23,0.37,0.59,1.0,0.08,0.15,0.23,0.37,0.59,0.59,4.0,0.39,0.66,0.76,0.89,1.27,1.27,17.0,0.39,0.66,0.85,0.97,1.56,1.56
1260574,2025-05-09 15:15:00,ORLEANS,29.97,-90.09,17,15,medium,Fairgrounds Race Course (Fairgrounds),fairgrounds,1.066,422.0,100.2,1.22,5.24,0.3,0.63,0.73,0.84,1.22,0.0,,,,,,,4.0,0.32,0.74,1.11,1.25,1.65,1.66,15.0,0.39,0.99,1.42,1.58,2.02,2.03
1260575,2025-05-09 15:15:00,ORLEANS,29.98,-90.09,18,16,high,Fairgrounds Race Course (Fairgrounds),fairgrounds,0.657,422.0,100.2,1.22,5.24,0.3,0.63,0.73,0.84,1.22,1.0,0.3,0.63,0.73,0.84,1.22,1.22,4.0,0.3,0.63,0.78,0.94,1.43,1.44,16.0,0.39,0.99,1.42,1.58,2.02,2.03
1260576,2025-05-09 15:15:00,ORLEANS,29.98,-90.11,16,14,high,NOFD Logistics (Navarre),logistics,0.426,437.0,103.8,0.98,6.47,0.26,0.45,0.54,0.65,0.97,1.0,0.26,0.45,0.54,0.65,0.97,0.98,3.0,0.3,0.63,0.73,0.84,1.22,1.22,14.0,0.39,0.99,1.42,1.58,2.02,2.03
1260578,2025-05-09 16:15:00,JEFFERSON,29.9968,-90.1242,12,10,medium,NOFD Logistics (Navarre),logistics,1.155,434.0,103.1,2.24,6.47,0.32,0.59,0.94,1.56,2.21,0.0,,,,,,,2.0,0.32,0.7,0.96,1.56,2.3,2.34,10.0,0.39,0.99,1.53,2.14,2.86,2.89
1260573,2025-05-09 15:10:00,ORLEANS,29.998,-90.1115,13,11,high,NOPD Stables (City Park),citypark,0.743,420.0,99.8,0.88,1.22,0.07,0.16,0.28,0.51,0.87,2.0,0.13,0.23,0.3,0.51,0.87,0.88,2.0,0.13,0.23,0.3,0.51,0.87,0.88,11.0,0.39,0.99,1.29,1.42,1.85,1.85
1260572,2025-05-09 15:00:00,ORLEANS,30.0108,-90.023,12,10,high,NOFD Engine 4 (Pines Village),pinesvillage,0.831,420.0,99.8,0.68,1.02,0.07,0.17,0.28,0.47,0.66,2.0,0.11,0.26,0.35,0.49,0.74,0.75,3.0,0.11,0.26,0.37,0.58,0.8,0.82,10.0,0.31,0.45,0.52,0.66,1.09,1.11
1260603,2025-05-28 14:30:00,ORLEANS,29.99,-90.07,18,16,high,Fairgrounds Race Course (Fairgrounds),fairgrounds,0.769,423.0,100.5,0.6,3.24,0.2,0.31,0.39,0.51,0.6,2.0,0.25,0.47,0.57,0.58,0.69,0.69,3.0,0.56,1.24,1.81,2.44,2.55,2.55,16.0,0.56,1.24,1.81,2.44,2.55,2.55
1278338,2025-06-13 10:55:00,ORLEANS,29.97,-90.09,17,15,medium,Fairgrounds Race Course (Fairgrounds),fairgrounds,1.066,422.0,100.2,0.05,0.62,0.03,0.05,0.05,0.05,0.05,0.0,,,,,,,4.0,0.13,0.16,0.16,0.16,0.16,0.16,15.0,0.16,0.22,0.38,0.38,0.38,0.38
1279222,2025-06-14 16:05:00,ST. CHARLES,29.92,-90.34,2,2,medium,Willowridge Pump Station Luling,luling,2.405,420.0,99.8,3.74,0.04,0.55,0.55,0.56,1.1,2.04,0.0,,,,,,,0.0,,,,,,,2.0,0.55,0.55,0.56,1.1,2.04,3.74
1279226,2025-06-14 16:15:00,ORLEANS,29.93,-90.08,15,12,high,NOFD Engine 16 (Central City),centralcity,0.801,420.0,99.8,1.04,0.0,1.03,1.03,1.03,1.03,1.04,1.0,1.03,1.03,1.03,1.03,1.04,1.04,3.0,1.03,1.03,1.03,1.03,1.04,1.04,12.0,1.45,1.45,1.45,1.45,1.45,1.45
1279221,2025-06-14 16:00:00,ST. CHARLES,29.95,-90.32,1,1,low,Willowridge Pump Station Luling,luling,4.692,420.0,99.8,3.2,0.04,0.54,0.55,0.56,1.04,2.04,0.0,,,,,,,0.0,,,,,,,1.0,0.54,0.55,0.56,1.04,2.04,3.2
1279228,2025-06-14 16:15:00,ORLEANS,29.9547,-90.0806,16,13,high,New Orleans City Hall (Central Business District),cityhallcbd,0.288,420.0,99.8,0.99,0.0,0.98,0.98,0.98,0.99,0.99,2.0,1.03,1.03,1.03,1.03,1.04,1.04,4.0,1.03,1.03,1.03,1.03,1.04,1.04,13.0,1.52,1.52,1.52,1.52,1.52,1.55
1279223,2025-06-14 16:05:00,ST. CHARLES,29.96,-90.37,1,1,medium,St. Charles Parish EOC,stcharleseoc,2.055,399.0,94.8,0.27,1.05,0.18,0.18,0.18,0.18,0.2,0.0,,,,,,,0.0,,,,,,,1.0,0.18,0.18,0.18,0.18,0.2,0.27
1279229,2025-06-14 16:15:00,ORLEANS,29.96,-90.06,19,16,medium,New Orleans City Hall (Central Business District),cityhallcbd,1.138,420.0,99.8,0.99,0.0,0.98,0.98,0.98,0.99,0.99,0.0,,,,,,,5.0,1.45,1.45,1.45,1.45,1.45,1.45,16.0,1.52,1.52,1.52,1.52,1.52,1.55
1279256,2025-06-14 16:15:00,ORLEANS,29.96,-90.08,16,13,high,New Orleans City Hall (Central Business District),cityhallcbd,0.572,420.0,99.8,0.99,0.0,0.98,0.98,0.98,0.99,0.99,1.0,0.98,0.98,0.98,0.99,0.99,0.99,5.0,1.45,1.45,1.45,1.45,1.45,1.45,13.0,1.52,1.52,1.52,1.52,1.52,1.55
1279225,2025-06-14 16:11:00,ST. CHARLES,29.97,-90.3,0,0,poor,,,,,,,,,,,,,,,,,,,,,,,,,,,,,,,,,
1279258,2025-06-14 16:15:00,ORLEANS,29.97,-90.08,19,16,high,Fairgrounds Race Course (Fairgrounds),fairgrounds,0.856,420.0,99.8,0.97,0.0,0.97,0.97,0.97,0.97,0.97,1.0,0.97,0.97,0.97,0.97,0.97,0.97,4.0,1.45,1.45,1.45,1.45,1.45,1.45,16.0,1.52,1.52,1.52,1.52,1.52,1.55
1279259,2025-06-14 16:15:00,ORLEANS,29.99,-90.06,16,13,high,NOFD Engine 27 (Seventh Ward/St. Roch),seventhward,0.724,420.0,99.8,1.45,0.0,1.45,1.45,1.45,1.45,1.45,1.0,1.45,1.45,1.45,1.45,1.45,1.45,4.0,1.52,1.52,1.52,1.52,1.52,1.55,13.0,1.52,1.52,1.52,1.52,1.52,1.55
1279260,2025-06-14 16:15:00,ORLEANS,30.01,-89.97,7,6,medium,NOFD Engine 36 (New Orleans East),neworleanseast,1.206,420.0,99.8,0.0,0.0,0.0,0.0,0.0,0.0,0.0,0.0,,,,,,,1.0,0.0,0.0,0.0,0.0,0.0,0.0,6.0,1.52,1.52,1.52,1.52,1.52,1.55
1279263,2025-06-14 16:15:00,ORLEANS,30.01,-90.02,11,10,high,NOFD Engine 4 (Pines Village),pinesvillage,0.913,420.0,99.8,1.22,0.14,1.2,1.2,1.2,1.2,1.21,1.0,1.2,1.2,1.2,1.2,1.21,1.22,3.0,1.52,1.52,1.52,1.52,1.52,1.55,10.0,1.52,1.52,1.52,1.52,1.52,1.55
1279264,2025-06-14 16:15:00,ORLEANS,30.01,-90.05,13,11,high,NOFD Engine 12 (Gentilly/Milneburg),gentilly,0.445,420.0,99.8,1.55,0.7,1.5,1.5,1.5,1.5,1.5,1.0,1.5,1.5,1.5,1.5,1.5,1.55,3.0,1.52,1.52,1.52,1.52,1.52,1.55,11.0,1.52,1.52,1.52,1.52,1.52,1.55
1279265,2025-06-14 16:15:00,ORLEANS,30.02,-90.05,13,11,high,NOFD Engine 12 (Gentilly/Milneburg),gentilly,0.277,420.0,99.8,1.55,0.7,1.5,1.5,1.5,1.5,1.5,1.0,1.5,1.5,1.5,1.5,1.5,1.55,3.0,1.52,1.52,1.52,1.52,1.52,1.55,11.0,1.52,1.52,1.52,1.52,1.52,1.55
1286878,2025-07-07 14:30:00,ORLEANS,29.94,-90.03,13,10,high,NORDC Morris F.X. Jeff Sr. Park (Algiers),algiers,0.14,823.0,195.5,2.91,9.93,0.47,1.18,1.42,1.5,2.91,1.0,0.47,1.18,1.42,1.5,2.91,2.91,2.0,0.47,1.18,1.42,1.5,2.91,2.91,10.0,0.55,1.18,1.42,1.67,2.91,2.91
1286881,2025-07-12 15:15:00,ORLEANS,29.94,-90.07,16,13,high,Port NOLA Administration (Warehouse District/Riverwalk),portnolaadmin,0.521,836.0,198.6,0.3,2.28,0.09,0.14,0.17,0.26,0.3,3.0,0.18,0.39,0.52,0.66,0.86,0.86,4.0,0.18,0.39,0.52,0.66,0.86,0.86,13.0,0.95,1.0,1.48,2.67,3.63,3.71
1286880,2025-07-12 15:05:00,ORLEANS,29.9544,-90.0692,18,15,high,New Orleans City Hall (Central Business District),cityhallcbd,0.477,420.0,99.8,0.53,3.11,0.18,0.37,0.4,0.53,0.53,1.0,0.18,0.37,0.4,0.53,0.53,0.53,4.0,0.18,0.39,0.46,0.66,0.77,0.77,15.0,0.95,1.0,1.48,2.52,3.17,3.25
1286882,2025-07-12 16:05:00,ORLEANS,29.96,-90.07,17,15,high,New Orleans City Hall (Central Business District),cityhallcbd,0.673,420.0,99.8,1.73,11.29,0.52,0.92,1.04,1.34,1.73,1.0,0.52,0.92,1.04,1.34,1.73,1.73,5.0,0.52,0.92,1.34,1.47,1.9,1.9,15.0,0.95,1.0,1.48,2.75,4.47,4.59
1286885,2025-07-17 17:15:00,ST. CHARLES,29.93,-90.37,2,2,low,St. Charles Parish EOC,stcharleseoc,3.117,394.0,93.6,1.65,3.67,0.24,0.6,1.0,1.46,1.65,0.0,,,,,,,0.0,,,,,,,2.0,0.24,0.6,1.0,1.46,1.65,1.65
1286884,2025-07-17 17:04:00,ST. CHARLES,29.97,-90.37,1,1,medium,St. Charles Parish EOC,stcharleseoc,2.074,395.0,93.8,1.29,3.67,0.24,0.46,0.9,1.29,1.29,0.0,,,,,,,0.0,,,,,,,1.0,0.24,0.46,0.9,1.29,1.29,1.29
1286887,2025-07-17 16:45:00,ST. CHARLES,30.066,-90.4873,1,1,low,Killona Volunteer Fire Department,killona,4.462,422.0,100.2,0.15,0.01,0.07,0.07,0.07,0.07,0.08,0.0,,,,,,,0.0,,,,,,,1.0,0.07,0.07,0.07,0.07,0.08,0.15
1286891,2025-07-30 15:00:00,JEFFERSON,29.88,-90.03,5,5,low,NORDC Norman Playground (Old Aurora),oldaurora,3.352,588.0,139.7,0.79,4.24,0.25,0.62,0.79,0.79,0.79,0.0,,,,,,,0.0,,,,,,,5.0,0.25,0.62,0.79,0.79,0.79,0.79
1286893,2025-07-30 15:27:00,EAST BATON ROUGE,30.37,-91.0,0,0,poor,,,,,,,,,,,,,,,,,,,,,,,,,,,,,,,,,
1286892,2025-07-30 15:09:00,EAST BATON ROUGE,30.38,-91.11,2,2,low,Louisiana State University (Alex Box Stadium),alexbox,4.884,616.0,146.3,0.0,0.0,0.0,0.0,0.0,0.0,0.0,0.0,,,,,,,0.0,,,,,,,2.0,0.0,0.0,0.0,0.0,0.0,0.0
